slug,name_in_portal,state_in_portal,city,college_type,short_name,description,about,established_year,address,district,pincode,latitude,longitude,ownership,affiliated_to,approvals,naac_grade,naac_score,nirf_rank,nirf_category,official_website,brochure_url,streams,exams_accepted
bankura-unnayani-institute-of-engineering,"BANKURA UNNAYANI INSTITUTE OF ENGINEERING","West Bengal",,,,,,,,BANKURA,,,,,,,,,,,,,,
bishnupur-public-institute-of-engineering-b-tech,"BISHNUPUR PUBLIC INSTITUTE OF ENGINEERING B TECH","West Bengal",,,,,,,,BANKURA,,,,,,,,,,,,,,
mallabhum-institute-of-technology,"MALLABHUM INSTITUTE OF TECHNOLOGY","West Bengal",,,,,,,,BANKURA,,,,,,,,,,,,,,
asansol-engineering-college,"ASANSOL ENGINEERING COLLEGE","West Bengal",,,,,,,,BARDHAMAN,,,,,,,,,,,,,,
bengal-college-of-engineering-and-technology,"BENGAL COLLEGE OF ENGINEERING & TECHNOLOGY","West Bengal",,,,,,,,BARDHAMAN,,,,,,,,,,,,,,
camellia-institute-of-engineering-and-technology,"CAMELLIA INSTITUTE OF ENGINEERING AND TECHNOLOGY","West Bengal",,,,,,,,BARDHAMAN,,,,,,,,,,,,,,
dr-b-c-roy-engineering-college-durgapur,"DR. B.C. ROY ENGINEERING COLLEGE, DURGAPUR","West Bengal",,,,,,,,BARDHAMAN,,,,,,,,,,,,,,
durgapur-institute-of-advanced-technology-and-management,"DURGAPUR INSTITUTE OF ADVANCED TECHNOLOGY & MANAGEMENT","West Bengal",,,,,,,,BARDHAMAN,,,,,,,,,,,,,,
kanad-institute-of-engineering-and-management,"KANAD INSTITUTE OF ENGINEERING & MANAGEMENT","West Bengal",,,,,,,,BARDHAMAN,,,,,,,,,,,,,,
kazi-nazrul-university,"KAZI NAZRUL UNIVERSITY","West Bengal",,,,,,,,BARDHAMAN,,,,,,,,,,,,,,
nshm-knowledge-campus-durgapur-group-of-institutions,"NSHM KNOWLEDGE CAMPUS, DURGAPUR - GROUP OF INSTITUTIONS","West Bengal",,,,,,,,BARDHAMAN,,,,,,,,,,,,,,
sanaka-educational-trust-s-group-of-institutions,"SANAKA EDUCATIONAL TRUST'S GROUP OF INSTITUTIONS","West Bengal",,,,,,,,BARDHAMAN,,,,,,,,,,,,,,
university-institute-of-technology,"UNIVERSITY INSTITUTE OF TECHNOLOGY","West Bengal",,,,,,,,BARDHAMAN,,,,,,,,,,,,,,
bengal-institute-of-technology-and-management,"BENGAL INSTITUTE OF TECHNOLOGY AND MANAGEMENT","West Bengal",,,,,,,,BIRBHUM,,,,,,,,,,,,,,
birbhum-institute-of-engineering-and-technology,"BIRBHUM INSTITUTE OF ENGINEERING & TECHNOLOGY","West Bengal",,,,,,,,BIRBHUM,,,,,,,,,,,,,,
seacom-skills-university-school-of-engineering,"SEACOM SKILLS UNIVERSITY SCHOOL OF ENGINEERING","West Bengal",,,,,,,,BIRBHUM,,,,,,,,,,,,,,
cooch-behar-government-engineering-college,"COOCH BEHAR GOVERNMENT ENGINEERING COLLEGE","West Bengal",,,,,,,,"COOCH BEHAR",,,,,,,,,,,,,,
faculty-of-technology-uttar-banga-krishi-viswavidyalaya,"FACULTY OF TECHNOLOGY, UTTAR BANGA KRISHI VISWAVIDYALAYA","West Bengal",,,,,,,,"COOCH BEHAR",,,,,,,,,,,,,,
darjeeling-hill-institute-of-technology-and-management,"DARJEELING HILL INSTITUTE OF TECHNOLOGY AND MANAGEMENT","West Bengal",,,,,,,,DARJEELING,,,,,,,,,,,,,,
siliguri-institute-of-technology,"SILIGURI INSTITUTE OF TECHNOLOGY","West Bengal",,,,,,,,DARJEELING,,,,,,,,,,,,,,
abacus-institute-of-engineering-and-management,"ABACUS INSTITUTE OF ENGINEERING AND MANAGEMENT","West Bengal",,,,,,,,HOOGHLY,,,,,,,,,,,,,,
academy-of-technology,"ACADEMY OF TECHNOLOGY","West Bengal",,,,,,,,HOOGHLY,,,,,,,,,,,,,,
camellia-institute-of-technology-and-management,"CAMELLIA INSTITUTE OF TECHNOLOGY & MANAGEMENT","West Bengal",,,,,,,,HOOGHLY,,,,,,,,,,,,,,
govt-college-of-engg-and-textile-technology-serampore,"GOVT. COLLEGE OF ENGG. & TEXTILE TECHNOLOGY, SERAMPORE","West Bengal",,,,,,,,HOOGHLY,,,,,,,,,,,,,,
hooghly-engineering-and-technology-college,"HOOGHLY ENGINEERING & TECHNOLOGY COLLEGE","West Bengal",,,,,,,,HOOGHLY,,,,,,,,,,,,,,
supreme-knowledge-foundation-group-of-institutions,"SUPREME KNOWLEDGE FOUNDATION GROUP OF INSTITUTIONS","West Bengal",,,,,,,,HOOGHLY,,,,,,,,,,,,,,
calcutta-institute-of-technology,"CALCUTTA INSTITUTE OF TECHNOLOGY","West Bengal",,,,,,,,HOWRAH,,,,,,,,,,,,,,
indian-institute-of-engineering-science-and-technology-shibpur,"Indian Institute of Engineering Science and Technology, Shibpur","West Bengal",,,,,,,,Howrah,,,,,,,,,,,,,,
mckv-institute-of-engineering,"MCKV INSTITUTE OF ENGINEERING","West Bengal",,,,,,,,HOWRAH,,,,,,,,,,,,,,
omdayal-group-of-instituitions,"OMDAYAL GROUP OF INSTITUITIONS","West Bengal",,,,,,,,HOWRAH,,,,,,,,,,,,,,
alipurduar-government-engineering-and-management-college,"ALIPURDUAR GOVERNMENT ENGINEERING AND MANAGEMENT COLLEGE","West Bengal",,,,,,,,JALPAIGURI,,,,,,,,,,,,,,
jalpaiguri-government-engineering-college,"JALPAIGURI GOVERNMENT ENGINEERING COLLEGE","West Bengal",,,,,,,,JALPAIGURI,,,,,,,,,,,,,,
camellia-institute-of-technology,"CAMELLIA INSTITUTE OF TECHNOLOGY","West Bengal",,,,,,,,KOLKATA,,,,,,,,,,,,,,
department-of-jute-and-fibre-technology-institute-of-jute-technology-university-of-calcutt,"DEPARTMENT OF JUTE & FIBRE TECHNOLOGY, INSTITUTE OF JUTE TECHNOLOGY, UNIVERSITY OF CALCUTTA","West Bengal",,,,,,,,KOLKATA,,,,,,,,,,,,,,
dr-sudhir-chandra-sur-institute-of-technology-and-sports-complex,"DR. SUDHIR CHANDRA SUR INSTITUTE OF TECHNOLOGY AND SPORTS COMPLEX","West Bengal",,,,,,,,KOLKATA,,,,,,,,,,,,,,
future-institute-of-technology,"FUTURE INSTITUTE OF TECHNOLOGY","West Bengal",,,,,,,,KOLKATA,,,,,,,,,,,,,,
government-college-of-engineering-and-ceramic-technology,"GOVERNMENT COLLEGE OF ENGINEERING & CERAMIC TECHNOLOGY","West Bengal",,,,,,,,KOLKATA,,,,,,,,,,,,,,
jadavpur-university,"JADAVPUR UNIVERSITY","West Bengal",,,,,,,,KOLKATA,,,,,,,,,,,,,,
meghnad-saha-institute-of-technology,"MEGHNAD SAHA INSTITUTE OF TECHNOLOGY","West Bengal",,,,,,,,KOLKATA,,,,,,,,,,,,,,
netaji-subhash-engineering-college,"NETAJI SUBHASH ENGINEERING COLLEGE","West Bengal",,,,,,,,KOLKATA,,,,,,,,,,,,,,
rcc-institute-of-information-technology,"RCC INSTITUTE OF INFORMATION TECHNOLOGY","West Bengal",,,,,,,,KOLKATA,,,,,,,,,,,,,,
seacom-engineering-college,"SEACOM ENGINEERING COLLEGE","West Bengal",,,,,,,,KOLKATA,,,,,,,,,,,,,,
st-thomas-college-of-engineering-and-technology,"ST. THOMAS' COLLEGE OF ENGINEERING & TECHNOLOGY","West Bengal",,,,,,,,KOLKATA,,,,,,,,,,,,,,
techno-bengal-institute-of-technology,"TECHNO BENGAL INSTITUTE OF TECHNOLOGY","West Bengal",,,,,,,,KOLKATA,,,,,,,,,,,,,,
techno-international-new-town,"TECHNO INTERNATIONAL NEW TOWN","West Bengal",,,,,,,,KOLKATA,,,,,,,,,,,,,,
techno-main-salt-lake,"TECHNO MAIN SALT LAKE","West Bengal",,,,,,,,KOLKATA,,,,,,,,,,,,,,
university-college-of-science-and-technology,"UNIVERSITY COLLEGE OF SCIENCE & TECHNOLOGY","West Bengal",,,,,,,,KOLKATA,,,,,,,,,,,,,,
university-college-of-science-and-technology-calcutta-university,"UNIVERSITY COLLEGE OF SCIENCE & TECHNOLOGY, CALCUTTA UNIVERSITY","West Bengal",,,,,,,,KOLKATA,,,,,,,,,,,,,,
university-of-engineering-and-management-kolkata,"UNIVERSITY OF ENGINEERING AND MANAGEMENT KOLKATA","West Bengal",,,,,,,,KOLKATA,,,,,,,,,,,,,,
ghani-khan-choudhury-institute-of-engineering-and-technology,"GHANI KHAN CHOUDHURY INSTITUTE OF ENGINEERING AND TECHNOLOGY","West Bengal",,,,,,,,MALDA,,,,,,,,,,,,,,
imps-college-of-engineering-and-technology,"IMPS COLLEGE OF ENGINEERING & TECHNOLOGY","West Bengal",,,,,,,,MALDA,,,,,,,,,,,,,,
dumkal-institute-of-engineering-and-technology,"DUMKAL INSTITUTE OF ENGINEERING & TECHNOLOGY","West Bengal",,,,,,,,MURSHIDABAD,,,,,,,,,,,,,,
govt-college-of-engineering-and-textile-technology-berhampore,"GOVT. COLLEGE OF ENGINEERING AND TEXTILE TECHNOLOGY, BERHAMPORE","West Bengal",,,,,,,,MURSHIDABAD,,,,,,,,,,,,,,
murshidabad-college-of-engineering-and-technology,"MURSHIDABAD COLLEGE OF ENGINEERING & TECHNOLOGY","West Bengal",,,,,,,,MURSHIDABAD,,,,,,,,,,,,,,
paradise-institute-of-technology,"PARADISE INSTITUTE OF TECHNOLOGY","West Bengal",,,,,,,,MURSHIDABAD,,,,,,,,,,,,,,
global-institute-of-management-and-technology,"GLOBAL INSTITUTE OF MANAGEMENT AND TECHNOLOGY","West Bengal",,,,,,,,NADIA,,,,,,,,,,,,,,
hemnalini-memorial-college-of-engineering,"HEMNALINI MEMORIAL COLLEGE OF ENGINEERING","West Bengal",,,,,,,,NADIA,,,,,,,,,,,,,,
ideal-institute-of-engineering,"IDEAL INSTITUTE OF ENGINEERING","West Bengal",,,,,,,,NADIA,,,,,,,,,,,,,,
indian-institute-of-information-technology-kalyani,"Indian Institute of Information Technology Kalyani","West Bengal",,,,,,,,Nadia,,,,,,,,,,,,,,
jis-college-of-engineering,"JIS COLLEGE OF ENGINEERING","West Bengal",,,,,,,,NADIA,,,,,,,,,,,,,,
kalyani-government-engineering-college,"KALYANI GOVERNMENT ENGINEERING COLLEGE","West Bengal",,,,,,,,NADIA,,,,,,,,,,,,,,
university-of-kalyani-department-of-computer-science-and-engineering,"UNIVERSITY OF KALYANI, DEPARTMENT OF COMPUTER SCIENCE AND ENGINEERING","West Bengal",,,,,,,,NADIA,,,,,,,,,,,,,,
university-science-instrumentation-centre,"UNIVERSITY SCIENCE INSTRUMENTATION CENTRE","West Bengal",,,,,,,,NADIA,,,,,,,,,,,,,,
adamas-university-technical-campus,"ADAMAS UNIVERSITY TECHNICAL CAMPUS","West Bengal",,,,,,,,"NORTH 24 PARGANAS",,,,,,,,,,,,,,
aliah-university,"ALIAH UNIVERSITY","West Bengal",,,,,,,,"NORTH 24 PARGANAS",,,,,,,,,,,,,,
b-p-poddar-institute-of-management-and-technology,"B. P. PODDAR INSTITUTE OF MANAGEMENT & TECHNOLOGY","West Bengal",,,,,,,,"NORTH 24 PARGANAS",,,,,,,,,,,,,,
camellia-school-of-engineering-and-technology,"CAMELLIA SCHOOL OF ENGINEERING & TECHNOLOGY","West Bengal",,,,,,,,"NORTH 24 PARGANAS",,,,,,,,,,,,,,
elitte-college-of-engiineering,"ELITTE COLLEGE OF ENGIINEERING","West Bengal",,,,,,,,"NORTH 24 PARGANAS",,,,,,,,,,,,,,
government-college-of-engineering-and-leather-technology,"GOVERNMENT COLLEGE OF ENGINEERING AND LEATHER TECHNOLOGY","West Bengal",,,,,,,,"NORTH 24 PARGANAS",,,,,,,,,,,,,,
gurunanak-institute-of-technology,"GURUNANAK INSTITUTE OF TECHNOLOGY","West Bengal",,,,,,,,"NORTH 24 PARGANAS",,,,,,,,,,,,,,
jis-university,"JIS UNIVERSITY","West Bengal",,,,,,,,"NORTH 24 PARGANAS",,,,,,,,,,,,,,
kingston-college-of-advanced-engineering-and-management,"KINGSTON COLLEGE OF ADVANCED ENGINEERING AND MANAGEMENT","West Bengal",,,,,,,,"NORTH 24 PARGANAS",,,,,,,,,,,,,,
maulana-abul-kalam-azad-university-of-technology-west-bengal,"MAULANA ABUL KALAM AZAD UNIVERSITY OF TECHNOLOGY WEST BENGAL","West Bengal",,,,,,,,"NORTH 24 PARGANAS",,,,,,,,,,,,,,
narula-institute-of-technology,"NARULA INSTITUTE OF TECHNOLOGY","West Bengal",,,,,,,,"NORTH 24 PARGANAS",,,,,,,,,,,,,,
regent-education-and-research-foundation-group-of-institutions,"REGENT EDUCATION & RESEARCH FOUNDATION GROUP OF INSTITUTIONS","West Bengal",,,,,,,,"NORTH 24 PARGANAS",,,,,,,,,,,,,,
sister-nivedita-university,"SISTER NIVEDITA UNIVERSITY","West Bengal",,,,,,,,"NORTH 24 PARGANAS",,,,,,,,,,,,,,
techno-india-university-west-bengal,"TECHNO INDIA UNIVERSITY, WEST BENGAL","West Bengal",,,,,,,,"NORTH 24 PARGANAS",,,,,,,,,,,,,,
techno-institute-of-engineering-and-management,"TECHNO INSTITUTE OF ENGINEERING AND MANAGEMENT","West Bengal",,,,,,,,"NORTH 24 PARGANAS",,,,,,,,,,,,,,
national-institute-of-technology-durgapur,"National Institute of Technology Durgapur","West Bengal",,,,,,,,"Paschim Bardhaman",,,,,,,,,,,,,,
indian-institute-of-technology-kharagpur,"Indian Institute of Technology Kharagpur","West Bengal",,,,,,,,"Paschim Medinipur",,,,,,,,,,,,,,
institute-of-science-and-technology,"INSTITUTE OF SCIENCE AND TECHNOLOGY","West Bengal",,,,,,,,"PASCHIM MEDINIPUR",,,,,,,,,,,,,,
college-of-engineering-and-management-kolaghat,"COLLEGE OF ENGINEERING & MANAGEMENT, KOLAGHAT","West Bengal",,,,,,,,"PURBA MEDINIPUR",,,,,,,,,,,,,,
haldia-institute-of-technology,"HALDIA INSTITUTE OF TECHNOLOGY","West Bengal",,,,,,,,"PURBA MEDINIPUR",,,,,,,,,,,,,,
ramkrishna-mahato-government-engineering-college-purulia,"RAMKRISHNA MAHATO GOVERNMENT ENGINEERING COLLEGE PURULIA","West Bengal",,,,,,,,PURULIA,,,,,,,,,,,,,,
budge-budge-institute-of-technology,"BUDGE BUDGE INSTITUTE OF TECHNOLOGY","West Bengal",,,,,,,,"SOUTH 24 PARGANAS",,,,,,,,,,,,,,
calcutta-institute-of-engineering-and-management,"CALCUTTA INSTITUTE OF ENGINEERING AND MANAGEMENT","West Bengal",,,,,,,,"SOUTH 24 PARGANAS",,,,,,,,,,,,,,
dream-institute-of-technology,"DREAM INSTITUTE OF TECHNOLOGY","West Bengal",,,,,,,,"SOUTH 24 PARGANAS",,,,,,,,,,,,,,
future-institute-of-engineering-and-management,"FUTURE INSTITUTE OF ENGINEERING AND MANAGEMENT","West Bengal",,,,,,,,"SOUTH 24 PARGANAS",,,,,,,,,,,,,,
gargi-memorial-institute-of-technology-campus,"GARGI MEMORIAL INSTITUTE OF TECHNOLOGY CAMPUS","West Bengal",,,,,,,,"SOUTH 24 PARGANAS",,,,,,,,,,,,,,
greater-kolkata-college-of-engineering-and-management,"GREATER KOLKATA COLLEGE OF ENGINEERING & MANAGEMENT","West Bengal",,,,,,,,"SOUTH 24 PARGANAS",,,,,,,,,,,,,,
heritage-institute-of-technology,"HERITAGE INSTITUTE OF TECHNOLOGY","West Bengal",,,,,,,,"SOUTH 24 PARGANAS",,,,,,,,,,,,,,
jld-engineering-and-management-college,"JLD ENGINEERING AND MANAGEMENT COLLEGE","West Bengal",,,,,,,,"SOUTH 24 PARGANAS",,,,,,,,,,,,,,
pailan-college-of-management-and-technology-b-tech-division,"PAILAN COLLEGE OF MANAGEMENT & TECHNOLOGY [B.TECH DIVISION]","West Bengal",,,,,,,,"SOUTH 24 PARGANAS",,,,,,,,,,,,,,
swami-vivekananda-institute-of-science-and-technology,"SWAMI VIVEKANANDA INSTITUTE OF SCIENCE & TECHNOLOGY","West Bengal",,,,,,,,"SOUTH 24 PARGANAS",,,,,,,,,,,,,,
techno-india-university-west-bengal-joka-campus,"TECHNO INDIA UNIVERSITY, WEST BENGAL (JOKA CAMPUS)","West Bengal",,,,,,,,"SOUTH 24 PARGANAS",,,,,,,,,,,,,,
techno-international-batanagar,"TECHNO INTERNATIONAL BATANAGAR","West Bengal",,,,,,,,"SOUTH 24 PARGANAS",,,,,,,,,,,,,,
