slug,name_in_portal,state_in_portal,city,college_type,short_name,description,about,established_year,address,district,pincode,latitude,longitude,ownership,affiliated_to,approvals,naac_grade,naac_score,nirf_rank,nirf_category,official_website,brochure_url,streams,exams_accepted
chaudhary-beeri-singh-college-of-engineering-and-management-agra,"Chaudhary Beeri Singh College of Engineering & Management, Agra",Uttar Pradesh,Agra,,,Chaudhary Beeri Singh College of Engineering and Management is a private engineering and management college at Peeli Pokhar on the Agra-Aligarh road.,"The college was established in 2009 by the Ch. Beeri Singh Siksha Samiti, Agra. It is approved by AICTE and affiliated to the state technical university at Lucknow (formerly UPTU, now AKTU). It offers engineering programmes including electronics and communication and mechanical engineering.",2009,"Peeli Pokhar, Agra-Aligarh Road, Agra, Uttar Pradesh",Agra,,,,,"Dr. A.P.J. Abdul Kalam Technical University, Lucknow",AICTE,,,,,https://cbsengg.org/,,engineering,jee-main
dayalbagh-educational-institute,Dayalbagh Educational Institute,Uttar Pradesh,Agra,DEEMED,DEI,"Dayalbagh Educational Institute is a deemed-to-be university at Dayalbagh, Agra, whose Faculty of Engineering grew out of the Dayalbagh Engineering College founded in 1950.",The Government of India declared DEI a deemed university under Section 3 of the UGC Act on 16 May 1981. Its Faculty of Engineering began in 1950 as Dayalbagh Engineering College and became part of the institute in 1981. The campus is at Dayalbagh in Agra.,1981,"Dayalbagh, Agra, Uttar Pradesh 282005",Agra,282005,,,,Deemed to be University,UGC,,,,,https://www.dei.ac.in/,,engineering,
dr-bhimrao-ambedkar-university,Dr. Bhimrao Ambedkar University,Uttar Pradesh,Agra,STATE,DBRAU,"Dr. Bhimrao Ambedkar University, formerly Agra University, is a state university in Agra accredited by NAAC with an A+ grade.","The university was established on 1 July 1927 as Agra University and is one of the oldest universities in India. Its administrative office is at Paliwal Park, Agra. It runs an Institute of Engineering and Technology at its Khandari campus and holds a NAAC A+ grade.",1927,"Paliwal Park, Agra, Uttar Pradesh 282004",Agra,282004,,,PUBLIC,,,A+,,,,https://dbrau.ac.in/,,engineering,
faculty-of-engineering-and-technology-r-b-s-college-bichpuri-campus-agra,"Faculty of Engineering & Technology, R.B.S.College, Bichpuri Campus, Agra.",Uttar Pradesh,Bichpuri,,,"The Faculty of Engineering and Technology at R.B.S. College, Bichpuri, is an engineering campus near Agra run by the Balwant Educational Society.","The faculty started in 1996 with computer science, electronics and communication, and food technology, and added chemical engineering in 1999. It is governed by the Balwant Educational Society, chaired by the District and Sessions Judge of Agra. It is affiliated to Dr. A.P.J. Abdul Kalam Technical University (college code 004), and its B.Tech and M.Tech courses are AICTE approved.",1996,"Bichpuri, Agra, Uttar Pradesh 283105",Agra,283105,,,,"Dr. A.P.J. Abdul Kalam Technical University, Lucknow",AICTE,,,,,https://fetrbs.org/,,engineering,jee-main
faculty-of-engineering-and-technology-agra-college-agra,"Faculty of Engineering & Technology,Agra College,Agra",Uttar Pradesh,Agra,,FET,"The Faculty of Engineering and Technology is the engineering wing of Agra College, a historic college on Mahatma Gandhi Road in Agra.","The faculty is part of Agra College, which was founded in 1823. It is recognised by AICTE and offers B.Tech programmes in computer science, mechanical, civil and electrical engineering, plus an M.Tech. It is located on Mahatma Gandhi Road in Agra.",,"Mahatma Gandhi Road, Agra, Uttar Pradesh 282001",Agra,282001,,,,,AICTE,,,,,https://fetagracollege.org.in/,,engineering,
institute-of-engineering-and-technology-agra,"Institute of Engineering& Technology,Agra",Uttar Pradesh,Agra,,IET,"The Institute of Engineering and Technology, Agra is the engineering institute of Dr. Bhimrao Ambedkar University at its Khandari campus.","IET Agra is an integral part of Dr. Bhimrao Ambedkar University (formerly Agra University). It is located at the Khandari campus and is approved by AICTE. It runs departments of computer science, electronics and communication, mechanical, civil and electrical engineering.",,"Khandari Campus, Agra, Uttar Pradesh 282002",Agra,282002,,,,"Dr. Bhimrao Ambedkar University, Agra",AICTE,,,,,https://ietagra.org/web/,,engineering,
neelam-college-of-engineering-and-technology,Neelam College of Engineering & Technology,Uttar Pradesh,Agra,,,"Neelam College of Engineering and Technology is part of the Neelam Group of Institutions in Agra, offering B.Tech and allied programmes.","The Neelam Group of Institutions was established in 2008. Its B.Tech programme is affiliated to Dr. A.P.J. Abdul Kalam Technical University and approved by AICTE. It offers mechanical, civil, computer science and electrical engineering.",2008,,Agra,,,,,"Dr. A.P.J. Abdul Kalam Technical University, Lucknow",AICTE,,,,,https://neelamcollege.com/,,engineering,jee-main
acn-college-of-engg-and-managment-studies,Acn College of Engg.& Managment Studies,Uttar Pradesh,Aligarh,,ACNCEMS,"ACN College of Engineering and Management Studies is the flagship college of the ACN Group of Institutions at ACN City, Aligarh.","The college was established in 2008 on a campus of about 100 acres. It is approved by AICTE and affiliated to Dr. A.P.J. Abdul Kalam Technical University, Lucknow. It offers B.Tech and management programmes.",2008,"ACN City, Qasimpur Power House Road, Aligarh, Uttar Pradesh 202002",Aligarh,202002,,,,"Dr. A.P.J. Abdul Kalam Technical University, Lucknow",AICTE,,,,,https://acncems.edu.in/,,engineering,jee-main
aligarh-college-of-engineering-and-technology,Aligarh College of Engineering and Technology,Uttar Pradesh,Aligarh,,ACET,"Aligarh College of Engineering and Technology is a private engineering college on the Aligarh-Mathura Road, about 3 km from Aligarh city.","ACET was set up in 2001 by the Jawahar Vidyalaya Society. Its courses are affiliated to Dr. A.P.J. Abdul Kalam Technical University and approved by AICTE. It offers B.Tech in seven disciplines, including agricultural engineering, along with MBA and MCA programmes.",2001,,Aligarh,,,,,"Dr. A.P.J. Abdul Kalam Technical University, Lucknow",AICTE,,,,,https://www.acetup.org/,,engineering,jee-main
institute-of-technology-and-management-341,Institute of Technology & Management(341),Uttar Pradesh,Aligarh,,ITM,"Institute of Technology and Management, Aligarh is an AKTU-affiliated engineering college on the Aligarh-Palwal-Delhi Road at Karsua.",The college began in the 2008-09 academic session. It is affiliated to Dr. A.P.J. Abdul Kalam Technical University with college code 341. Its campus is at Karsua on the Aligarh-Palwal-Delhi Road.,2008,"Aligarh-Palwal-Delhi Road, Karsua, Aligarh, Uttar Pradesh 202140",Aligarh,202140,,,,"Dr. A.P.J. Abdul Kalam Technical University, Lucknow",,,,,,https://www.itmaligarh.com/,,engineering,jee-main
shivdan-singh-institute-of-technology-and-management,Shivdan Singh Institute of Technology & Management,Uttar Pradesh,Aligarh,,SSITM,"Shivdan Singh Institute of Technology and Management is an AKTU-affiliated engineering college in Aligarh offering B.Tech, M.Tech, management, computer application and pharmacy programmes.","SSITM is affiliated to Dr. A.P.J. Abdul Kalam Technical University, Lucknow, under college code 007. It runs undergraduate and postgraduate engineering programmes alongside MBA, MCA, BCA, BBA, B.Pharm and diploma courses. The campus is in Aligarh.",,,Aligarh,,,,,"Dr. A.P.J. Abdul Kalam Technical University, Lucknow",,,,,,https://ssitm.in/,,engineering,jee-main
ssld-varshney-engineering-college-aligarh,Ssld Varshney Engineering College Aligarh,Uttar Pradesh,Aligarh,,,"SSLD Varshney Engineering College is a private college on the Aligarh-Kanpur G.T. Road offering B.Tech along with management, law and pharmacy programmes.","The college is on NH-91 at the 13 km stone of the Aligarh-Kanpur G.T. Road. Its engineering programmes are affiliated to Dr. A.P.J. Abdul Kalam Technical University. Its programmes carry AICTE approval, and the campus also offers management, law, pharmacy and vocational courses.",,"13 KM Stone, Aligarh-Kanpur G.T. Road, NH 91, Aligarh, Uttar Pradesh 202001",Aligarh,202001,,,,"Dr. A.P.J. Abdul Kalam Technical University, Lucknow",AICTE,,,,,https://ssldv.ac.in/,,engineering,jee-main
vision-institute-of-technology-2,Vision Institute of Technology,Uttar Pradesh,Aligarh,,,"Vision Institute of Technology, Aligarh is an engineering college of the Vision Group at Shahpur Madrak on the Aligarh-Agra highway.","The institute belongs to the Vision Group of Institutions, Aligarh. It is affiliated to Dr. A.P.J. Abdul Kalam Technical University under code 524 for degree courses and to the state technical board for diplomas. Its campus is at Shahpur Madrak on the Aligarh-Agra highway.",,"Shahpur Madrak, Aligarh-Agra Highway, Aligarh, Uttar Pradesh",Aligarh,,,,,"Dr. A.P.J. Abdul Kalam Technical University, Lucknow",,,,,,https://vita.vision.org.in/,,engineering,jee-main
vivekananda-college-of-technology-and-management-aligarh,"Vivekananda College of Technology & Management, Aligarh",Uttar Pradesh,Aligarh,,VCTM,"Vivekananda College of Technology and Management is an AICTE-approved, AKTU-affiliated engineering college on the Mathura bypass in Aligarh.","VCTM is run by the NL Educational Society and holds AKTU college code 340. It is approved by AICTE and affiliated to Dr. A.P.J. Abdul Kalam Technical University, Lucknow. The campus is near the Khair Road crossing on the Mathura bypass, about 3 km from Aligarh city.",,"Mathura Bypass, Near Khair Road, Aligarh, Uttar Pradesh 202002",Aligarh,202002,,,,"Dr. A.P.J. Abdul Kalam Technical University, Lucknow",AICTE,,,,,https://vctm.in/,,engineering,jee-main
zakir-husain-college-of-engineering-and-technology,Zakir Husain College of Engineering & Technology,Uttar Pradesh,Aligarh,,ZHCET,"Zakir Husain College of Engineering and Technology is the engineering college of Aligarh Muslim University, founded in 1935.",ZHCET was established in 1935 as a constituent college of Aligarh Muslim University. It sits on the AMU campus in Aligarh. The college occupies about 113 acres.,1935,"Aligarh Muslim University, Aligarh, Uttar Pradesh 202002",Aligarh,202002,,,,Aligarh Muslim University,,,,,,https://www.amu.ac.in/colleges/zakir-husain-college-of-engineering-and-technology,,engineering,
rajkiya-engineering-college-ambedkar-nagar,"Rajkiya Engineering College, Ambedkar Nagar",Uttar Pradesh,,GOVERNMENT,,"Rajkiya Engineering College, Ambedkar Nagar is a Government of Uttar Pradesh engineering college on the Akbarpur-Tanda road.","The college was established by the Government of Uttar Pradesh under the special component plan in 2010. It began B.Tech programmes in information technology, electrical and civil engineering in 2010-11 with 60 seats each. Its campus is on the Akbarpur-Tanda road at Katariya Yakoobpur.",2010,"Akbarpur-Tanda Road, In Front of Hawai Patti, Katariya Yakoobpur, Ambedkar Nagar, Uttar Pradesh 224122",Ambedkar Nagar,224122,,,PUBLIC,,,,,,,https://recabn.ac.in/,,engineering,
institute-of-engineering-and-technology-5,Institute of Engineering & Technology,Uttar Pradesh,Ayodhya,,IET,"The Institute of Engineering and Technology is the engineering institute of Dr. Rammanohar Lohia Avadh University, Ayodhya.","IET was established in April 2000 at Dr. Rammanohar Lohia Avadh University. It started in 2000-01 with B.Tech in information technology and computer science plus an MCA, and later added electronics and mechanical engineering. It now has seven departments and operates from a building on the university's satellite campus.",2000,,Ayodhya (Faizabad),,,,,"Dr. Rammanohar Lohia Avadh University, Ayodhya",,,,,,https://www.rmlau.ac.in/new/FacultyofEngineering.aspx,,engineering,
baijnath-ramnaresh-college-of-technology,Baijnath Ramnaresh College of Technology,Uttar Pradesh,,,,"Baijnath Ramnaresh College of Technology is a polytechnic at Telhuwan Chakawali near Chiraiyakot in Azamgarh district, offering diploma engineering courses.","The institute is recognised by the Board of Technical Education, Uttar Pradesh, and by AICTE. It offers diploma programmes in engineering and technology. Its campus is at Telhuwan Chakawali in Azamgarh district.",,"Telhuwan Chakawali, Chiraiyakot, Azamgarh, Uttar Pradesh",Azamgarh,,,,,,AICTE,,,,,https://www.brct.in/,,engineering,
maharaja-suhel-dev-state-university-azamgarh,Maharaja Suhel Dev State University Azamgarh,Uttar Pradesh,Azamgarh,STATE,,"Maharaja Suhel Dev State University is a state university in Azamgarh, created in 2019, to which colleges of Azamgarh and Mau districts are affiliated.","The university was established by a Government of Uttar Pradesh gazette notification dated 5 August 2019 under the UP State Universities Act, 1973. Colleges in Azamgarh and Mau districts are affiliated to it. It offers undergraduate and postgraduate courses, including B.Tech.",2019,,Azamgarh,,,,PUBLIC,,,,,,,,,engineering,
rajkiya-engineering-college-azamgarh-formerly-manyawar-kanshiram-engineering-college-of-in,"Rajkiya Engineering College,Azamgarh (Formerly Manyawar Kanshiram Engineering College of Information Technology,Azamgarh)",Uttar Pradesh,Azamgarh,GOVERNMENT,,"Rajkiya Engineering College, Azamgarh is a Government of Uttar Pradesh engineering college and a constituent college of AKTU, located at Akbalpur near Devgaon.","The college was set up by the Government of Uttar Pradesh and was earlier known as Manyawar Kanshiram Engineering College of Information Technology. It started B.Tech programmes in information technology, mechanical and civil engineering in 2010-11. It is approved by AICTE and is a constituent college of Dr. A.P.J. Abdul Kalam Technical University.",2010,"Village Akbalpur, Post Devgaon, Azamgarh, Uttar Pradesh 276201",Azamgarh,276201,,,PUBLIC,"Dr. A.P.J. Abdul Kalam Technical University, Lucknow",AICTE,,,,,https://gecazamgarh.ac.in/,,engineering,jee-main
baba-ramdal-surajdev-engineering-college,Baba Ramdal Surajdev Engineering College,Uttar Pradesh,,,,,,,,Ballia,,,,,,,,,,,,,,
kali-charan-nigam-institute-of-technology,Kali Charan Nigam Institute of Technology,Uttar Pradesh,Banda,,KCNIT,"Kali Charan Nigam Institute of Technology is a private engineering college on Naraini Road in Banda, the headquarters of the Chitrakoot Dham division.","KCNIT was established in 2002 under the aegis of the Banda Education Centre. It is approved by AICTE and affiliated to Dr. A.P.J. Abdul Kalam Technical University, Lucknow. It offers B.Tech and MBA degrees along with polytechnic diploma and ITI courses.",2002,"Naraini Road, Banda, Uttar Pradesh 210001",Banda,210001,,,,"Dr. A.P.J. Abdul Kalam Technical University, Lucknow",AICTE,,,,,https://kcnit.ac.in/,,engineering,jee-main
rajkiya-engineering-college-banda,"Rajkiya Engineering College, Banda",Uttar Pradesh,Atarra,GOVERNMENT,,"Rajkiya Engineering College, Banda is a Government of Uttar Pradesh engineering college and a constituent institute of AKTU, with a residential campus at Atarra.","The college was established by the Government of Uttar Pradesh in 2010 with electrical, mechanical and information technology branches of 60 seats each. It is a constituent institute of Dr. A.P.J. Abdul Kalam Technical University. It moved to its own fully residential campus at Atarra in July 2015.",2010,"Atarra, Banda, Uttar Pradesh 210201",Banda,210201,,,PUBLIC,"Dr. A.P.J. Abdul Kalam Technical University, Lucknow",,,,,,https://recbanda.ac.in/,,engineering,jee-main
gokaran-narvadeshwar-institute-of-technology-and-management,Gokaran Narvadeshwar Institute of Technology and Management,Uttar Pradesh,,,GNITM,Gokaran Narvadeshwar Institute of Technology and Management is a professional institute at Tindola on the Lucknow-Dewa road in Barabanki district.,"GNITM was founded by the Gokaran Narvadeshwar Shiksha Samiti. It is located at the 12 km stone of the Lucknow-Dewa road at Tindola, on the outskirts of Lucknow.",,"12 Km Stone, Lucknow-Dewa Road, Tindola, Barabanki, Uttar Pradesh",Barabanki,,,,,,,,,,,http://gnitm.org.in/,,engineering,
jahangirabad-educational-trust-group-of-institutions,Jahangirabad Educational Trust Group of Institutions,Uttar Pradesh,Jahangirabad,,JIT,Jahangirabad Institute of Technology is a multi-disciplinary engineering and management campus inside the historic Jahangirabad Fort in Barabanki district.,"The institute was set up in 2001 by the Jahangirabad Educational Trust to advance technical and professional education. It is housed in the historic fort of Jahangirabad, about 40 km from Lucknow. AICTE has approved it as an integrated campus for engineering and management, and it offers B.Tech, pharmacy and diploma programmes.",2001,"Jahangirabad Fort, Jahangirabad, Barabanki, Uttar Pradesh 225203",Barabanki,225203,,,,"Dr. A.P.J. Abdul Kalam Technical University, Lucknow",AICTE,,,,,https://jit.edu.in/,,engineering,jee-main
sagar-institute-of-technology-and-management,Sagar Institute of Technology & Management,Uttar Pradesh,Barabanki,,SITM,"Sagar Institute of Technology and Management is a private engineering, pharmacy and management college on the Lucknow-Ayodhya highway in Barabanki.","SITM is approved by AICTE and PCI and affiliated to Dr. A.P.J. Abdul Kalam Technical University and the state technical board. It offers B.Tech, BCA, BBA, MBA and pharmacy programmes. Its campus is at the 6th km milestone on the Lucknow-Ayodhya highway.",,"6th Km Milestone, Lucknow-Ayodhya Highway, Barabanki, Uttar Pradesh",Barabanki,,,,,"Dr. A.P.J. Abdul Kalam Technical University, Lucknow","AICTE, PCI",,,,,https://www.sagar.ac.in/,,engineering,jee-main
seth-vishambhar-nath-institute-of-engineering-and-technology,Seth Vishambhar Nath Institute of Engineering& Technology,Uttar Pradesh,Safedabad,,SVNIET,"Seth Vishambhar Nath Institute of Engineering and Technology is an AKTU-affiliated engineering college of the Seth Vishambhar Nath group at Safedabad, Barabanki.",The Seth Vishambhar Nath Group of Educational Institutions was founded by Vinay Rastogi in 2008. The engineering institute is affiliated to Dr. A.P.J. Abdul Kalam Technical University under code 345 and is approved by AICTE. The campus is at Safedabad on the Lucknow-Barabanki highway.,2008,,Barabanki,,,,,"Dr. A.P.J. Abdul Kalam Technical University, Lucknow",AICTE,,,,,https://svn.ac.in/,,engineering,jee-main
a-n-a-college-of-engineering-and-management-studies,A.N.A College of Engineering and Management Studies,Uttar Pradesh,Bareilly,,,"ANA College of Engineering and Management Studies is a private AKTU-affiliated college on the Bareilly-Delhi highway, part of the ANA Group of Institutions.","The college was set up under the Late Amarnath Anand Trust. It is affiliated to Dr. A.P.J. Abdul Kalam Technical University and approved by AICTE. The ANA group also runs management, pharmacy, nursing and ayurveda programmes.",,"13.5 Km Bareilly-Delhi Highway (NH-9), Near Rubber Factory, Agras Road, Bareilly, Uttar Pradesh",Bareilly,,,,,"Dr. A.P.J. Abdul Kalam Technical University, Lucknow",AICTE,,,,,https://anacollege.org/,,engineering,jee-main
institute-of-engineering-and-technology-mjp-rohilkhand-university,"Institute of Engineering & Technology, Mjp Rohilkhand University",Uttar Pradesh,Bareilly,,IET,The Institute of Engineering and Technology is the engineering faculty of Mahatma Jyotiba Phule Rohilkhand University on the Pilibhit bypass road in Bareilly.,IET was set up in 1995 at MJP Rohilkhand University. It is approved by AICTE. It runs B.Tech programmes on the university campus in Bareilly.,1995,"MJP Rohilkhand University, Pilibhit By Pass Road, Bareilly, Uttar Pradesh 243006",Bareilly,243006,,,,"Mahatma Jyotiba Phule Rohilkhand University, Bareilly",AICTE,,,,,https://mjpru.ac.in/dean_engineeringTechnologies.aspx,,engineering,
lotus-institute-of-management,Lotus Institute of Management,Uttar Pradesh,Bareilly,,,"Lotus Institute of Management is part of the Lotus Group of Institutions on the Bareilly-Lucknow road, offering management, pharmacy, science, commerce and technical programmes.","The institution is affiliated to Mahatma Jyotiba Phule Rohilkhand University, Bareilly, and to the Board of Technical Education, Lucknow. Its campus is at the 16th km of NH-24 on the Bareilly-Lucknow road.",,"16th KM, NH-24, Bareilly-Lucknow Road, Bareilly, Uttar Pradesh",Bareilly,,,,,"Mahatma Jyotiba Phule Rohilkhand University, Bareilly",,,,,,https://lotusinstitute.in/,,engineering,
rajshree-institute-of-management-and-technology,Rajshree Institute of Management & Technology,Uttar Pradesh,Bareilly,,RIMT,"Rajshree Institute of Management and Technology is an AKTU-affiliated engineering and management college on the Pilibhit road in Bareilly, part of the Rajshree Group.","The institute was established in 2009 and received AKTU affiliation the same year. Its institute code is 479 for B.Tech, M.Tech and MBA. The campus is at the 16 km mark of NH-30 on the Pilibhit road.",2009,"16 KM, NH-30, Pilibhit Road, Bareilly, Uttar Pradesh",Bareilly,,,,,"Dr. A.P.J. Abdul Kalam Technical University, Lucknow",,,,,,https://rimt.rajshree.ac.in/,,engineering,jee-main
rakshpal-bahadur-college-of-engineering-and-technology-bareilly,"Rakshpal Bahadur College of Engineering & Technology, Bareilly",Uttar Pradesh,Bareilly,,RBCET,Rakshpal Bahadur College of Engineering and Technology is part of the RBMI Group of Institutions on Badaun Road in Bareilly.,"RBCET runs B.Tech and engineering diploma courses approved by AICTE. Its B.Tech is affiliated to Dr. A.P.J. Abdul Kalam Technical University and its diplomas to the Board of Technical Education, Lucknow. The college states it has offered technical education since 1996.",1996,"Badaun Road, near Doordarshan Kendra and ITBP, Bareilly, Uttar Pradesh",Bareilly,,,,,"Dr. A.P.J. Abdul Kalam Technical University, Lucknow",AICTE,,,,,https://www.rbmi.in/,,engineering,jee-main
shri-ram-murti-smarak-college-of-engineering-and-technology-bareilly,"Shri Ram Murti Smarak College of Engineering & Technology, Bareilly",Uttar Pradesh,Bareilly,,SRMS CET,Shri Ram Murti Smarak College of Engineering and Technology is an AKTU-affiliated engineering college run by the SRMS Trust on the Bareilly-Nainital road.,"SRMS CET was established by the SRMS Trust in 1996. It is approved by AICTE and affiliated to Dr. A.P.J. Abdul Kalam Technical University, which has recognised it as a star performer college. Its MBA programme is NBA accredited until 2026-27.",1996,"Ram Murti Puram, 13 Km Bareilly-Nainital Road, Bhojipura, Bareilly, Uttar Pradesh 243202",Bareilly,243202,,,,"Dr. A.P.J. Abdul Kalam Technical University, Lucknow","AICTE, NBA",,,,,https://srms.ac.in/cet/,,engineering,jee-main
shri-ram-murti-smarak-college-of-engineering-technology-and-research,"Shri Ram Murti Smarak College of Engineering, Technology & Research",Uttar Pradesh,Bareilly,,SRMS CETR,"Shri Ram Murti Smarak College of Engineering, Technology and Research is a second SRMS Trust engineering college on the same Bareilly-Nainital road campus.","SRMS CETR was founded in 2008 and is managed by the SRMS Trust, Bareilly. It is affiliated to Dr. A.P.J. Abdul Kalam Technical University. It shares the Ram Murti Puram campus at Bhojipura.",2008,"Ram Murti Puram, 13 Km Bareilly-Nainital Road, Bhojipura, Bareilly, Uttar Pradesh 243202",Bareilly,243202,,,,"Dr. A.P.J. Abdul Kalam Technical University, Lucknow",,,,,,https://www.srms.ac.in/cetr/,,engineering,jee-main
shri-siddhi-vinayak-institute-of-technology,Shri Siddhi Vinayak Institute of Technology,Uttar Pradesh,Bareilly,,SSVIT,Shri Siddhi Vinayak Institute of Technology is the engineering college of the Shri Siddhi Vinayak Group of Institutions in Bareilly.,"SSVIT is part of the Shri Siddhi Vinayak Group of Institutions, which also runs management and polytechnic institutes on a 50 acre campus. The group lists approvals and affiliations from AICTE, AKTU, MJPRU, the technical education board and the state medical faculty.",,,Bareilly,,,,,"Dr. A.P.J. Abdul Kalam Technical University, Lucknow",AICTE,,,,,https://www.ssvgi.org/,,engineering,jee-main
bharat-ratna-sardar-vallabh-bhai-patel-rajkiya-engineering-college-basti,Bharat Ratna Sardar Vallabh Bhai Patel Rajkiya Engineering College Basti,Uttar Pradesh,Basti,GOVERNMENT,,"Bharat Ratna Sardar Vallabh Bhai Patel Rajkiya Engineering College is a Government of Uttar Pradesh engineering college on Bansi Road in Basti, affiliated to AKTU.","The college was established by the Government of Uttar Pradesh in 2023 as Rajkiya Engineering College, Basti, and was renamed after Sardar Vallabhbhai Patel in 2025. It is affiliated to Dr. A.P.J. Abdul Kalam Technical University under college code 1213. It offers B.Tech in electrical, computer science, civil and electronics engineering with 60 seats each.",2023,"Bansi Road, Basti, Uttar Pradesh 272002",Basti,272002,,,PUBLIC,"Dr. A.P.J. Abdul Kalam Technical University, Lucknow",,,,,,https://recbasti.ac.in/,,engineering,jee-main
k-l-s-institute-of-engineering-and-technology,K L S Institute of Engineering & Technology,Uttar Pradesh,Chandak,,KLSIET,KLS Institute of Engineering and Technology is an engineering college of the Subharti Group at Chandak on the Bijnor-Haridwar road.,"KLSIET is part of the Subharti Group of Institutions. It is affiliated to Dr. A.P.J. Abdul Kalam Technical University and approved by AICTE. Its campus is at village Khudaheri near Chandak, on the 20th km of the Bijnor-Haridwar road.",,"20th Km Milestone, Bijnor-Haridwar Road, Village Khudaheri, Chandak, Bijnor, Uttar Pradesh 246721",Bijnor,246721,,,,"Dr. A.P.J. Abdul Kalam Technical University, Lucknow",AICTE,,,,,https://www.klsiet.org/kls-engineering-college.php,,engineering,jee-main
kunwar-satyavira-college-of-engineering-and-management,Kunwar Satyavira College of Engineering and Management,Uttar Pradesh,Bijnor,,KSVCEM,Kunwar Satyavira College of Engineering and Management is an AKTU-affiliated engineering college on Barrage Road in Bijnor.,"KSVCEM was established in 1999 and holds AKTU college code 017. It is approved by AICTE and affiliated to Dr. A.P.J. Abdul Kalam Technical University. It offers engineering branches including biotechnology, civil, mechanical, computer science, electronics and electrical, plus management programmes.",1999,"Barrage Road, Opp. New Telephone Exchange, Bijnor, Uttar Pradesh 246701",Bijnor,246701,,,,"Dr. A.P.J. Abdul Kalam Technical University, Lucknow",AICTE,,,,,https://ksvira.edu.in/,,engineering,jee-main
nigc-institute-of-technology-and-management,Nigc Institute of Technology and Management,Uttar Pradesh,Najibabad,,NIGC,"NIGC Institute of Technology and Management is part of the North India Group of Colleges on Bundki Road in Najibabad, Bijnor district.","The institute runs under the Bhagwat Saran Educational Trust. It is approved by AICTE and affiliated to Dr. A.P.J. Abdul Kalam Technical University and the Board of Technical Education, Lucknow. It is located on Bundki Road near Najibabad.",,"7 KM Bundki Road, Najibabad, Bijnor, Uttar Pradesh 246763",Bijnor,246763,,,,"Dr. A.P.J. Abdul Kalam Technical University, Lucknow",AICTE,,,,,https://nigctech.com/,,engineering,jee-main
r-v-institute-of-technology,R V Institute of Technology,Uttar Pradesh,Bijnor,,RVIT,R V Institute of Technology is an engineering and pharmacy college on the Bijnor-Moradabad road in Bijnor district.,"RVIT was established in 2009 in memory of Shri Ranveer Singh. It is approved by AICTE and affiliated to Dr. A.P.J. Abdul Kalam Technical University and the Board of Technical Education, Lucknow. It offers B.Tech and polytechnic engineering alongside pharmacy courses.",2009,"Village Alhedadpur, 9th Km Milestone, Bijnor-Moradabad Road, Bijnor, Uttar Pradesh",Bijnor,,,,,"Dr. A.P.J. Abdul Kalam Technical University, Lucknow",AICTE,,,,,https://www.rvit.ac.in/,,engineering,jee-main
rajkiya-engineering-college-bijnor,Rajkiya Engineering College Bijnor,Uttar Pradesh,Chandpur,GOVERNMENT,,"Rajkiya Engineering College, Bijnor is a Government of Uttar Pradesh engineering college at Chandpur in Bijnor district, affiliated to AKTU.","The college was started by the Uttar Pradesh Department of Technical Education under the Special Component Plan, with admissions from 2010-11. It was earlier called Dr. Bhim Rao Ambedkar Engineering College of Information Technology and was renamed in 2015. It began with civil, electrical and IT branches and added computer science and mechanical engineering in 2018-19.",2010,"Jaleelpur Block, Chandpur, Bijnor, Uttar Pradesh 246725",Bijnor,246725,,,PUBLIC,"Dr. A.P.J. Abdul Kalam Technical University, Lucknow",,,,,,https://recb.ac.in/,,engineering,jee-main
veer-kunwar-institute-of-technology-bijnor,Veer Kunwar Institute of Technology Bijnor,Uttar Pradesh,Bijnor,,VKIT,Veer Kunwar Institute of Technology is the engineering college of the VKIT Group on the Bijnor-Nagina road.,"VKIT started in 2008 under the Kunwar Kali Education Trust. It is approved by AICTE and affiliated to Dr. A.P.J. Abdul Kalam Technical University, Lucknow. Its campus covers about 20 acres on the Bijnor-Nagina road.",2008,"Bijnor-Nagina Road, Bijnor, Uttar Pradesh",Bijnor,,,,,"Dr. A.P.J. Abdul Kalam Technical University, Lucknow",AICTE,,,,,https://vkit.in/,,engineering,jee-main
babu-banarsi-das-institute-of-engineering-technology-and-research-centre,Babu Banarsi Das Institute of Engineering Technology & Research Centre,Uttar Pradesh,Jahangirabad,,BBIETRC,Babu Banarsi Das Institute of Engineering Technology and Research Centre is an engineering college on the Bulandshahr-Anoopshahr road at Jahangirabad.,"The institute was established in 1998 under the Akhil Bhartiya Babu Banarsi Das Smarak Sewa Sansthan. It is affiliated to the state technical university at Lucknow (formerly UPTU, now AKTU) and approved by AICTE and the UP Government. The campus is 25 km along the Bulandshahr-Anoopshahr road.",1998,"25 Km, Bulandshahr-Anoopshahr Road, Jahangirabad, Bulandshahr, Uttar Pradesh 202394",Bulandshahr,202394,,,,"Dr. A.P.J. Abdul Kalam Technical University, Lucknow",AICTE,,,,,https://www.bbietrc.in/,,engineering,jee-main
marathwada-institute-of-technology-mit,Marathwada Institute of Technology (Mit),Uttar Pradesh,,,MIT,"Marathwada Institute of Technology, Bulandshahr is an engineering college of the MIT group at Dhamera-Chola in the Sikandarabad area of Bulandshahr.","The Bulandshahr campus was established in 1999. It is approved by AICTE and affiliated to Dr. A.P.J. Abdul Kalam Technical University, with some programmes under Chaudhary Charan Singh University, Meerut. It offers B.Tech, M.Tech, MCA, BCA and diploma programmes.",1999,"Village Dhamera-Chola, Taluka Sikandarabad, District Bulandshahr, Uttar Pradesh 203001",Bulandshahr,203001,,,,"Dr. A.P.J. Abdul Kalam Technical University, Lucknow",AICTE,,,,,http://bulandshahr.mit.asia/,,engineering,jee-main
bahab-dr-bhim-ram-ambedkar-college-of-agril-engg-and-technology-etawah-csaua-and-t-kanpur,"Bahab Dr. Bhim Ram Ambedkar College of Agril. Engg. & Technology, Etawah (Csaua&T, Kanpur)",Uttar Pradesh,Etawah,,CAET,"Baba Saheb Dr. B.R. Ambedkar College of Agricultural Engineering and Technology is a constituent college of CSA University of Agriculture and Technology, Kanpur, located at Etawah.",The college was established in 1994 and began its B.Tech in agricultural engineering in 1994-95. It added electronics and communication and computer science in 2002-03 and mechanical engineering in 2003-04. Its campus covers about 147 acres at Etawah.,1994,,Etawah,,,,,"Chandra Shekhar Azad University of Agriculture and Technology, Kanpur",,,,,,"http://csauk.ac.in/en/page/agricultural-engineering-technology,-etawah",,engineering,
accurate-institute-of-management-and-technology,Accurate Institute of Management & Technology,Uttar Pradesh,Greater Noida,,AIMT,"Accurate Institute of Management and Technology is a private engineering and management college in Knowledge Park III, Greater Noida.","AIMT was set up in 2006. It is approved by AICTE and affiliated to Dr. A.P.J. Abdul Kalam Technical University, Lucknow, and states that it is NAAC accredited. It offers B.Tech, BCA, MCA, MBA and PGDM programmes.",2006,"49, Knowledge Park-III, Greater Noida, Uttar Pradesh 201306",Gautam Buddha Nagar,201306,,,,"Dr. A.P.J. Abdul Kalam Technical University, Lucknow",AICTE,,,,,https://www.accurate.in/,,engineering,jee-main
delhi-technical-campus,Delhi Technical Campus,Uttar Pradesh,Greater Noida,,DTC,"Delhi Technical Campus is an engineering, architecture and management institute in Knowledge Park III, Greater Noida, affiliated to Guru Gobind Singh Indraprastha University.","DTC was established in 2013 by the founders of Mayoor School, Noida, in collaboration with GC Mayo College, Ajmer. It is approved by AICTE and affiliated to Guru Gobind Singh Indraprastha University, New Delhi. It offers engineering, architecture and management programmes.",2013,"28/1, Knowledge Park-III, Greater Noida, Uttar Pradesh 201306",Gautam Buddha Nagar,201306,,,,"Guru Gobind Singh Indraprastha University, New Delhi",AICTE,,,,,https://delhitechnicalcampus.ac.in/,,engineering,
dronacharya-group-of-institutions,Dronacharya Group of Institutions,Uttar Pradesh,Greater Noida,,DGI,"Dronacharya Group of Institutions is a private AKTU-affiliated engineering college in Knowledge Park III, Greater Noida, accredited by NAAC with an A grade.","DGI was established in 2006 in Knowledge Park III, Greater Noida. It is affiliated to Dr. A.P.J. Abdul Kalam Technical University, Lucknow. It received a NAAC A grade in 2024-25, after an earlier B++.",2006,"Knowledge Park-III, Greater Noida, Uttar Pradesh",Gautam Buddha Nagar,,,,,"Dr. A.P.J. Abdul Kalam Technical University, Lucknow",,A,,,,https://gnindia.dronacharya.info/,,engineering,jee-main
dtc-college,Dtc College,Uttar Pradesh,Greater Noida,,DTC,"Delhi Technical Campus is an engineering, architecture and management institute in Knowledge Park III, Greater Noida, affiliated to Guru Gobind Singh Indraprastha University.","DTC was established in 2013 by the founders of Mayoor School, Noida, in collaboration with GC Mayo College, Ajmer. It is approved by AICTE and affiliated to Guru Gobind Singh Indraprastha University, New Delhi. It offers engineering, architecture and management programmes.",2013,"28/1, Knowledge Park-III, Greater Noida, Uttar Pradesh 201306",Gautam Buddha Nagar,201306,,,,"Guru Gobind Singh Indraprastha University, New Delhi",AICTE,,,,,https://delhitechnicalcampus.ac.in/,,engineering,
g-l-bajaj-institute-of-technology-and-management,G.L. Bajaj Institute of Technology and Management,Uttar Pradesh,Greater Noida,AUTONOMOUS,GLBITM,"G.L. Bajaj Institute of Technology and Management is an autonomous private engineering college in Knowledge Park III, Greater Noida, with a NAAC A+ grade.",GLBITM was established in 2005 and is affiliated to Dr. A.P.J. Abdul Kalam Technical University and approved by AICTE. It was the first private engineering college in Uttar Pradesh to earn NAAC A+ in its first cycle. It was also the first private institute in the state to receive UGC autonomous status.,2005,"Plot No. 2, Knowledge Park-III, Greater Noida, Uttar Pradesh 201306",Gautam Buddha Nagar,201306,,,PRIVATE,"Dr. A.P.J. Abdul Kalam Technical University, Lucknow","AICTE, UGC",A+,,,,https://www.glbitm.org/,,engineering,jee-main
galgotias-college-of-engineering-and-technology,Galgotias College of Engineering & Technology,Uttar Pradesh,Greater Noida,AUTONOMOUS,GCET,"Galgotias College of Engineering and Technology is an autonomous private engineering college in Knowledge Park II, Greater Noida, affiliated to AKTU.","GCET was established in 2000. It is an autonomous institute under the UGC Act, approved by AICTE and affiliated to Dr. A.P.J. Abdul Kalam Technical University. Its B.Tech programmes in computer science, IT, electronics and communication, civil, electrical and electronics, and electrical engineering are NBA accredited.",2000,"Plot No. 1, Knowledge Park-II, Greater Noida, Uttar Pradesh",Gautam Buddha Nagar,,,,,"Dr. A.P.J. Abdul Kalam Technical University, Lucknow","AICTE, UGC, NBA",,,,,https://galgotiacollege.edu/,,engineering,jee-main
gautam-buddha-university,Gautam Buddha University,Uttar Pradesh,Greater Noida,,GBU,"Gautam Buddha University is a university in Greater Noida created by a 2002 Uttar Pradesh act, with a 511 acre campus and a school of engineering and technology.","GBU was established by the Uttar Pradesh Gautam Buddha University Act, 2002 (UP Act No. 9 of 2002). It began its first academic session in August 2008 on its 511 acre campus in Greater Noida. It is recognised under Section 12B of the UGC Act and holds a NAAC B+ grade.",2002,"Greater Noida, Gautam Budh Nagar, Uttar Pradesh 201312",Gautam Buddha Nagar,201312,,,,,UGC,B+,,,,https://www.gbu.ac.in/,,engineering,
global-institute-of-information-technology,Global Institute of Information Technology,Uttar Pradesh,Greater Noida,,GIIT,"Global Institute of Information Technology is an AKTU-affiliated college in Knowledge Park I, Greater Noida, near Pari Chowk.","The institute was established in 2002 by the Global Education Trust, New Delhi. Its programmes are approved by AICTE and affiliated to Dr. A.P.J. Abdul Kalam Technical University, Lucknow. It is located in Knowledge Park I near Pari Chowk metro station.",2002,"32-A, Knowledge Park-1, Near Pari Chowk Metro Station, Greater Noida, Uttar Pradesh",Gautam Buddha Nagar,,,,,"Dr. A.P.J. Abdul Kalam Technical University, Lucknow",AICTE,,,,,https://globalinst.in/,,engineering,jee-main
greater-noida-college,Greater Noida College,Uttar Pradesh,Greater Noida,,GNCT,"Greater Noida College is a private college in Knowledge Park II, Greater Noida, offering an AKTU-affiliated B.Tech programme.","The college's engineering department has trained software and computer science engineers since 2000. Its four-year B.Tech is approved by AICTE and affiliated to Dr. A.P.J. Abdul Kalam Technical University, Lucknow. The campus is on Plot 6-B in Knowledge Park II.",,"Plot No. 6-B, Knowledge Park II, Greater Noida, Uttar Pradesh 201310",Gautam Buddha Nagar,201310,,,,"Dr. A.P.J. Abdul Kalam Technical University, Lucknow",AICTE,,,,,https://gnct.co.in/,,engineering,jee-main
greater-noida-institute-of-technology,Greater Noida Institute of Technology,Uttar Pradesh,Greater Noida,,GNIOT,"Greater Noida Institute of Technology is a private self-financed engineering college in Knowledge Park II, Greater Noida, with a NAAC A+ grade.","GNIOT was established in 2001 by the Shri Ram Educational Trust, Noida. It is approved by AICTE and affiliated to Dr. A.P.J. Abdul Kalam Technical University under college code 132. It achieved NAAC A+ accreditation in its first cycle in 2024.",2001,"Plot No. 7, Knowledge Park-II, Greater Noida, Uttar Pradesh 201310",Gautam Buddha Nagar,201310,,,PRIVATE,"Dr. A.P.J. Abdul Kalam Technical University, Lucknow",AICTE,A+,,,,https://www.gniot.net.in/,,engineering,jee-main
greater-noida-institute-of-technology-engineering-institute,Greater Noida Institute of Technology (Engineering Institute),Uttar Pradesh,,,,,,,,Gautam Buddha Nagar,,,,,,,,,,,https://www.gniot.net.in/,,engineering,
i-t-s-engineering-college,I.T.S Engineering College,Uttar Pradesh,Greater Noida,,,"I.T.S Engineering College is the engineering campus of the I.T.S education group in Knowledge Park III, Greater Noida.","The college belongs to the I.T.S group, which runs several campuses in the Delhi NCR region. Its B.Tech and M.Tech courses are affiliated to Dr. A.P.J. Abdul Kalam Technical University. The campus is in Knowledge Park III, Greater Noida.",,,Gautam Buddha Nagar,201308,,,,"Dr. A.P.J. Abdul Kalam Technical University, Lucknow",,,,,,https://www.its.edu.in/,,engineering,jee-main
iec-group-of-institutions,Iec Group of Institutions,Uttar Pradesh,Greater Noida,,,IEC Group of Institutions is a Greater Noida group whose IEC College of Engineering and Technology offers AKTU-affiliated B.Tech and M.Tech programmes.,"IEC College of Engineering and Technology was established in 1999. It is affiliated to Dr. A.P.J. Abdul Kalam Technical University and recognised by AICTE. The group also offers management, pharmacy and other programmes.",1999,,Gautam Buddha Nagar,,,,,"Dr. A.P.J. Abdul Kalam Technical University, Lucknow",AICTE,,,,,https://www.iec.edu.in/,,engineering,jee-main
iimt-college-of-engineering,Iimt College of Engineering,Uttar Pradesh,Greater Noida,,,"IIMT College of Engineering is an AKTU-affiliated engineering college of the IIMT Group in Knowledge Park III, Greater Noida.","The college was established in 2005 and sits on a 13.3 acre campus in Knowledge Park III, near the Yamuna Expressway. It is approved by AICTE and affiliated to Dr. A.P.J. Abdul Kalam Technical University. It holds a NAAC A grade, and some departments are NBA accredited.",2005,"Plot No. 19 and 20, Knowledge Park-III, Greater Noida, Uttar Pradesh",Gautam Buddha Nagar,,,,,"Dr. A.P.J. Abdul Kalam Technical University, Lucknow","AICTE, NBA",A,,,,https://www.iimtindia.net/iimt-college-engineering/,,engineering,jee-main
jaypee-institute-of-information-technology,Jaypee Institute of Information Technology,Uttar Pradesh,Noida,DEEMED,JIIT,"Jaypee Institute of Information Technology is a deemed-to-be university in Sector 62, Noida, accredited by NAAC with an A grade.","JIIT was established in 2001 and was declared a deemed-to-be university under Section 3 of the UGC Act in 2004. Its campus is at A-10, Sector 62, Noida. It received a NAAC A grade with a CGPA of 3.10 in its second cycle, valid from January 2023 to January 2028.",2001,"A-10, Sector-62, Noida, Uttar Pradesh 201309",Gautam Buddha Nagar,201309,,,,Deemed to be University,UGC,A,3.10,,,https://www.jiit.ac.in/,,engineering,jee-main
jims-engineering-management-technical-campus,Jims Engineering Management Technical Campus,Uttar Pradesh,Greater Noida,,,"JIMS Engineering Management Technical Campus is a Greater Noida institute affiliated to Guru Gobind Singh Indraprastha University, offering engineering, law, education and computer application programmes.","The campus is in Knowledge Park III, Greater Noida. It has been affiliated to Guru Gobind Singh Indraprastha University, Delhi, for its B.Tech programme since 2013, and holds approvals from AICTE, BCI and NCTE. It offers engineering, law, BCA, journalism and education courses.",,"48/4, Knowledge Park III, Greater Noida, Uttar Pradesh 201308",Gautam Buddha Nagar,201308,,,,"Guru Gobind Singh Indraprastha University, New Delhi","AICTE, BCI, NCTE",,,,,https://www.jimsgn.org/,,engineering,
jss-university-noida-uttar-pradesh,Jss University Noida Uttar Pradesh,Uttar Pradesh,Noida,PRIVATE,,"JSS University, Noida is a UGC-recognised private university in Sector 62, Noida, run under the JSS Mahavidyapeetha.","The university was established in 2024 under the U.P. Private Universities Act No. 12 of 2019. Its campus is at C-20/1, Sector 62, Noida. It is recognised by UGC and holds AICTE approval.",2024,"C-20/1, Sector 62, Noida, Uttar Pradesh 201301",Gautam Buddha Nagar,201301,,,PRIVATE,,"UGC, AICTE",,,,,https://jssuninoida.edu.in/,,engineering,
kcc-institute-of-technology-and-management,Kcc Institute of Technology and Management,Uttar Pradesh,Greater Noida,,KCCITM,"KCC Institute of Technology and Management is an AKTU-affiliated engineering and management college in Knowledge Park III, Greater Noida.",KCCITM was established in 2008 as an educational venture of KCC Software Limited. It is approved by AICTE and affiliated to Dr. A.P.J. Abdul Kalam Technical University. Its campus of about 40 acres is in Knowledge Park III.,2008,"2B-2C, Knowledge Park-III, Greater Noida, Uttar Pradesh 201310",Gautam Buddha Nagar,201310,,,,"Dr. A.P.J. Abdul Kalam Technical University, Lucknow",AICTE,,,,,https://www.kccitm.edu.in/,,engineering,jee-main
lloyd-institute-of-engineering-and-technology,Lloyd Institute of Engineering and Technology,Uttar Pradesh,Greater Noida,,LIET,"Lloyd Institute of Engineering and Technology is an AKTU-affiliated engineering college of the Lloyd Group in Knowledge Park II, Greater Noida.","LIET was formerly known as Skyline Institute of Engineering and Technology. It is approved by AICTE and affiliated to Dr. A.P.J. Abdul Kalam Technical University. It belongs to the Lloyd Group, which also runs management, law and pharmacy schools.",,"Plot No. 3, Knowledge Park II, Greater Noida, Uttar Pradesh 201306",Gautam Buddha Nagar,201306,,,,"Dr. A.P.J. Abdul Kalam Technical University, Lucknow",AICTE,,,,,https://liet.in/,,engineering,jee-main
lloyd-institute-of-management-and-technology,Lloyd Institute of Management & Technology,Uttar Pradesh,Greater Noida,,,"Lloyd Institute of Management and Technology is the management institute of the Lloyd Group in Knowledge Park II, Greater Noida.","The institute is part of the Lloyd Group of Institutions, which runs schools of management, law, engineering and pharmacy. It is located in Knowledge Park II, Greater Noida.",,,Gautam Buddha Nagar,,,,,,,,,,,https://lloydmanagement.edu.in/,,engineering,
maharishi-university-of-information-technology-2,Maharishi University of Information Technology,Uttar Pradesh,Noida,PRIVATE,MUIT,"This is the Noida campus of Maharishi University of Information Technology, a private university headquartered in Lucknow, located in Sector 110, Noida.","MUIT was established under UP Act No. 31 of 2001. It has campuses in Lucknow and Noida. The Noida campus offers B.Tech in computer science, with specialisations in AI, data science and cybersecurity, along with other programmes.",2001,"Sector 110, Noida, PO Maharishi Nagar, Gautam Budh Nagar, Uttar Pradesh 201304",Gautam Buddha Nagar,201304,,,PRIVATE,,,,,,,https://noida.maharishiuniversity.ac.in/,,engineering,
mangalmay-institute-of-management-and-technology,Mangalmay Institute of Management & Technology,Uttar Pradesh,Greater Noida,,MIMT,"Mangalmay Institute of Management and Technology is a NAAC A-graded, AKTU-affiliated management and engineering institute in Knowledge Park, Greater Noida.","The Mangalmay Group of Institutions was established in 2002. Its institute is approved by AICTE and affiliated to Dr. A.P.J. Abdul Kalam Technical University. It holds a NAAC A grade and offers MBA, B.Tech, BBA and BCA programmes.",2002,,Gautam Buddha Nagar,,,,,"Dr. A.P.J. Abdul Kalam Technical University, Lucknow",AICTE,A,,,,https://www.mangalmay.org/,,engineering,jee-main
mgm-s-college-of-engineering-and-technology-2,Mgm's College of Engineering and Technology,Uttar Pradesh,Noida,,,"MGM's College of Engineering and Technology is an AKTU-affiliated engineering college of the Mahatma Gandhi Mission trust in Sector 62, Noida.","The college was started in 1999 by the Mahatma Gandhi Mission Educational Trust. It is located at Plot A-9, Sector 62, Noida. It is affiliated to Dr. A.P.J. Abdul Kalam Technical University and offers B.Tech programmes including computer science and mechanical engineering.",1999,"Plot No. A-9, Sector 62, Noida, Uttar Pradesh 201301",Gautam Buddha Nagar,201301,,,,"Dr. A.P.J. Abdul Kalam Technical University, Lucknow",,,,,,https://mgmnoida.org/,,engineering,jee-main
noida-institute-of-engineering-and-technology,Noida Institute of Engineering & Technology,Uttar Pradesh,Greater Noida,AUTONOMOUS,NIET,"Noida Institute of Engineering and Technology is an autonomous private engineering college in Knowledge Park II, Greater Noida, with a NAAC A grade.",NIET was established in 2001 and occupies a 13.9 acre campus in Knowledge Park II. UGC granted it autonomous status in 2020. It holds a NAAC A grade with a CGPA of 3.23.,2001,"19, Knowledge Park-II, Institutional Area, Greater Noida, Uttar Pradesh 201306",Gautam Buddha Nagar,201306,,,,,UGC,A,3.23,,,https://www.niet.co.in/,,engineering,
ram-eesh-institute-of-engineering-and-technology,Ram-Eesh Institute of Engineering and Technology,Uttar Pradesh,Greater Noida,,,"Ram-Eesh Institute of Engineering and Technology is part of the Ram-Eesh Group of Institutions in Knowledge Park I, Greater Noida.",The institute was established in 1999 under the Ram-Eesh Charitable Trust. It is located on Kasna Road in Knowledge Park I. It holds AICTE approval and AKTU affiliation.,1999,"Plot No. 3, Knowledge Park-1, Kasna Road, Greater Noida, Uttar Pradesh 201310",Gautam Buddha Nagar,201310,,,,"Dr. A.P.J. Abdul Kalam Technical University, Lucknow",AICTE,,,,,https://www.rameeshinstitutions.org/riet/,,engineering,jee-main
shiv-nadar-institution-of-eminence-deemed-tobe-university,Shiv Nadar Institution of Eminence Deemed Tobe University,Uttar Pradesh,Dadri,DEEMED,SNU,"Shiv Nadar Institution of Eminence is a deemed-to-be university near Dadri in Gautam Buddha Nagar, recognised by the Ministry of Education as an Institution of Eminence.","The university was established in 2011 by Shiv Nadar. On 3 August 2022 the Ministry of Education recognised it as an Institution of Eminence deemed to be university. It is accredited by NAAC with an A grade, and its campus is on NH-91 in Dadri tehsil.",2011,"NH-91, Tehsil Dadri, Gautam Buddha Nagar, Uttar Pradesh 201314",Gautam Buddha Nagar,201314,,,,Deemed to be University,UGC,A,,,,https://snu.edu.in/,,engineering,
sitasrm-engineering-and-research-institute,Sitasrm Engineering and Research Institute,Uttar Pradesh,Greater Noida,,SERI,SITASRM Engineering and Research Institute is an AKTU-affiliated engineering and management college in Greater Noida.,"SERI offers B.Tech and MBA programmes. It is regulated by AICTE and affiliated to Dr. A.P.J. Abdul Kalam Technical University, with admissions through UPTAC counselling. The campus is in Greater Noida.",,,Gautam Buddha Nagar,,,,,"Dr. A.P.J. Abdul Kalam Technical University, Lucknow",AICTE,,,,,https://www.seri.net.in/,,engineering,jee-main
trinity-institute-of-innovations-in-professional-studies,Trinity Institute of Innovations in Professional Studies,Uttar Pradesh,Greater Noida,,TIIPS,"Trinity Institute of Innovations in Professional Studies is an AICTE-approved college in Greater Noida offering B.Tech, management, computer application and law programmes.","TIIPS was set up under Eveready Exim, a Section 8 company. It is approved by AICTE. Its site lists affiliations with AKTU, CCS University Meerut and GGSIPU Delhi for different programmes.",,,Gautam Buddha Nagar,,,,,,AICTE,,,,,https://tiips.ac.in/,,engineering,
united-college-of-engineering-and-research-greater-noida,"United College of Engineering & Research, Greater Noida",Uttar Pradesh,Greater Noida,,UCER,"United College of Engineering and Research, Greater Noida is the NCR engineering campus of the United Group in Knowledge Park III.",The college was established in 2005 under the United Group. It is approved by AICTE and affiliated to Dr. A.P.J. Abdul Kalam Technical University under code 193. It offers undergraduate and postgraduate engineering and management programmes.,2005,"50B, Knowledge Park III, Greater Noida, Uttar Pradesh 201306",Gautam Buddha Nagar,201306,,,,"Dr. A.P.J. Abdul Kalam Technical University, Lucknow",AICTE,,,,,https://www.united.ac.in/united-college-of-engineering-and-research-delhi-ncr-greater-noida,,engineering,jee-main
vikram-sarabhai-institute-of-engineering-and-technology,Vikram Sarabhai Institute of Engineering and Technology,Uttar Pradesh,Greater Noida,,VSIET,"Vikram Sarabhai Institute of Engineering and Technology is an AKTU-affiliated engineering and management college in Knowledge Park II, Greater Noida.",VSIET is named after the scientist Dr. Vikram Sarabhai. It is approved by AICTE and affiliated to Dr. A.P.J. Abdul Kalam Technical University. It offers B.Tech and a two-year MBA.,,"Plot No. 6B/1, Knowledge Park-II, Greater Noida, Uttar Pradesh 201310",Gautam Buddha Nagar,201310,,,,"Dr. A.P.J. Abdul Kalam Technical University, Lucknow",AICTE,,,,,https://www.vsiet.com/,,engineering,jee-main
vishveshwarya-group-of-institutions,Vishveshwarya Group of Institutions,Uttar Pradesh,Greater Noida,,VGI,"Vishveshwarya Group of Institutions is a 65 acre residential campus in Greater Noida Phase II, near Dadri, offering AKTU-affiliated technology, pharmacy and management programmes.","VGI was established in 2000. Its technology, pharmacy and management degree programmes are affiliated to Dr. A.P.J. Abdul Kalam Technical University and approved by AICTE. The campus is on the Ghaziabad-Bulandshahr G.T. Road near Dadri.",2000,"Ghaziabad-Bulandshahar G.T. Road, NH-91, Greater Noida Phase-II, Gautam Buddha Nagar, Uttar Pradesh 201314",Gautam Buddha Nagar,201314,,,,"Dr. A.P.J. Abdul Kalam Technical University, Lucknow",AICTE,,,,,https://www.vgi.ac.in/,,engineering,jee-main
abes-engineering-college,Abes Engineering College,Uttar Pradesh,Ghaziabad,AUTONOMOUS,ABESEC,"ABES Engineering College is an autonomous AKTU-affiliated engineering college on NH-9 in Ghaziabad, with a NAAC A grade.","ABESEC was set up more than two decades ago under the Society for Educational Excellence and holds AKTU college code 032. It is approved by AICTE, was accredited by NAAC with an A grade in May 2022, and has been autonomous since 2025. Its B.Tech programmes in CSE, ECE, EN, IT and mechanical engineering are NBA accredited.",,"19th KM Stone, NH-09, Ghaziabad, Uttar Pradesh 201009",Ghaziabad,201009,,,,"Dr. A.P.J. Abdul Kalam Technical University, Lucknow","AICTE, NBA",A,,,,https://www.abes.ac.in/,,engineering,jee-main
abes-institute-of-technology,Abes Institute of Technology,Uttar Pradesh,Ghaziabad,,ABESIT,"ABES Institute of Technology is a self-financed, AKTU-affiliated engineering college at Vijay Nagar on NH-24 in Ghaziabad.","ABESIT was established in 2007 and holds AKTU college code 290. It is approved by AICTE, affiliated to Dr. A.P.J. Abdul Kalam Technical University, and NBA accredited. It offers B.Tech, B.Pharm and MCA programmes.",2007,"19th Km Stone, NH-24, Vijay Nagar, Ghaziabad, Uttar Pradesh 201009",Ghaziabad,201009,,,,"Dr. A.P.J. Abdul Kalam Technical University, Lucknow","AICTE, NBA",,,,,https://www.abesit.in/,,engineering,jee-main
adhunik-college-of-engineering,Adhunik College of Engineering,Uttar Pradesh,Ghaziabad,,,"Adhunik College of Engineering is an AKTU-affiliated engineering college of the Adhunik Group on the Delhi-Meerut road at Duhai, Ghaziabad.","The college belongs to the Adhunik Group of Institutions. It is approved by AICTE and its engineering programmes are affiliated to Dr. A.P.J. Abdul Kalam Technical University. The campus is on NH-58 at Duhai, opposite Bank of India.",,"NCR Campus, Delhi-Meerut Road, Opp. Bank of India (NH-58), Duhai, Ghaziabad, Uttar Pradesh 201206",Ghaziabad,201206,,,,"Dr. A.P.J. Abdul Kalam Technical University, Lucknow",AICTE,,,,,http://www.adhunikinstitute.edu.in/,,engineering,jee-main
ajay-kumar-garg-engineering-college,Ajay Kumar Garg Engineering College,Uttar Pradesh,Ghaziabad,,AKGEC,"Ajay Kumar Garg Engineering College is an AKTU-affiliated private engineering college on the Delhi-Meerut Expressway in Ghaziabad, accredited by NAAC with an A++ grade.","AKGEC was established in 1998. It is affiliated to Dr. A.P.J. Abdul Kalam Technical University and approved by AICTE. It describes itself as the only AKTU engineering college with a NAAC A++ grade, and its B.Tech branches hold NBA accreditation.",1998,"27th Km Milestone, Delhi-Meerut Expressway, PO Adhyatmik Nagar, Ghaziabad, Uttar Pradesh 201015",Ghaziabad,201015,,,,"Dr. A.P.J. Abdul Kalam Technical University, Lucknow","AICTE, NBA",A++,,,,https://www.akgec.ac.in/,,engineering,jee-main
babu-banarsi-das-institute-of-technology,Babu Banarsi Das Institute of Technology,Uttar Pradesh,Ghaziabad,,BBDIT,"Babu Banarsi Das Institute of Technology is an AKTU-affiliated engineering college on the Delhi-Meerut road near Duhai, Ghaziabad.","BBDIT was established in 2000 under the Rajiv Educational Trust. It is affiliated to Dr. A.P.J. Abdul Kalam Technical University and recognised by AICTE. The campus is on NH-58 near Duhai, about 20 km from ISBT Delhi.",2000,"7th Km from Ghaziabad on NH-58, Delhi-Meerut Road, Near Duhai, Ghaziabad, Uttar Pradesh 201206",Ghaziabad,201206,,,,"Dr. A.P.J. Abdul Kalam Technical University, Lucknow",AICTE,,,,,https://bbdit.edu.in/,,engineering,jee-main
dr-k-n-modi-institute-of-engineering-and-technology,Dr. K.N. Modi Institute of Engineering and Technology,Uttar Pradesh,Modinagar,,KNMIET,"Dr. K.N. Modi Institute of Engineering and Technology is an AKTU-affiliated engineering college on NH-58 at Modinagar, about 32 km from the Delhi border.",KNMIET was established in 1995 through the vision of industrialist Dr. Kedar Nath Modi. It offers nine undergraduate and one postgraduate AICTE-approved programmes. It is affiliated to Dr. A.P.J. Abdul Kalam Technical University.,1995,,Ghaziabad,,,,,"Dr. A.P.J. Abdul Kalam Technical University, Lucknow",AICTE,,,,,https://www.knmiet.edu/,,engineering,jee-main
hi-tech-institute-of-engineering-and-technology,Hi-Tech Institute of Engineering & Technology,Uttar Pradesh,Ghaziabad,,HIET,"Hi-Tech Institute of Engineering and Technology is an AICTE-approved, AKTU-affiliated private college in Ghaziabad offering engineering, management and computer application programmes.","HIET is approved by AICTE and affiliated to Dr. A.P.J. Abdul Kalam Technical University, with some programmes under CCS University. It offers B.Tech, MBA, MCA, BBA and BCA. Its campus hosts an MSME business incubator and a robotics lab.",,,Ghaziabad,,,,,"Dr. A.P.J. Abdul Kalam Technical University, Lucknow",AICTE,,,,,https://hiet.org/,,engineering,jee-main
hlm-college,Hlm College,Uttar Pradesh,Ghaziabad,,,"HLM Group of Institutions is a group of professional colleges on the Delhi-Meerut road in Ghaziabad, offering AKTU-affiliated B.Tech along with management, law and nursing programmes.","The HLM Group was set up in 2005 by Sunil Miglani in memory of his father, Harbans Lal Miglani. Its B.Tech programmes are AICTE approved and affiliated to Dr. A.P.J. Abdul Kalam Technical University, and other courses are under CCS University and other bodies. The campus is at the 11 km milestone on the Delhi-Meerut road.",2005,"11th KM Milestone, Delhi-Meerut Road, Ghaziabad, Uttar Pradesh 201001",Ghaziabad,201001,,,,"Dr. A.P.J. Abdul Kalam Technical University, Lucknow",AICTE,,,,,https://www.hlmgroup.org/,,engineering,jee-main
ideal-institute-of-technology-3,Ideal Institute of Technology,Uttar Pradesh,Ghaziabad,,,"Ideal Institute of Technology is an AKTU-affiliated engineering college of the Ideal Group of Institutions at Govindpuram, Ghaziabad.","The Ideal Group of Institutions started in 1998. The engineering college is approved by AICTE and affiliated to Dr. A.P.J. Abdul Kalam Technical University under code 028. The campus, Ideal Knowledge Park, is near Govindpuram.",1998,"Ideal Knowledge Park, Near Gaur Homes, Govindpuram, Ghaziabad, Uttar Pradesh 201003",Ghaziabad,201003,,,,"Dr. A.P.J. Abdul Kalam Technical University, Lucknow",AICTE,,,,,http://www.idealinstitute.ac.in/,,engineering,jee-main
ims-engineering-college,Ims Engineering College,Uttar Pradesh,Ghaziabad,,IMSEC,"IMS Engineering College is an AKTU-affiliated engineering college on NH-24 at Adhyatmik Nagar near Dasna, Ghaziabad.","IMSEC was established in 2002. It is affiliated to Dr. A.P.J. Abdul Kalam Technical University and accredited by NAAC, and its information technology department is NBA accredited. The campus is at Adhyatmik Nagar near Dasna.",2002,"NH-24, Adhyatmik Nagar, Near Dasna, Ghaziabad, Uttar Pradesh 201015",Ghaziabad,201015,,,,"Dr. A.P.J. Abdul Kalam Technical University, Lucknow",NBA,,,,,http://imsec.ac.in/,,engineering,jee-main
inderprastha-engineering-college,Inderprastha Engineering College,Uttar Pradesh,Ghaziabad,,IPEC,"Inderprastha Engineering College is an AKTU-affiliated engineering college in the Sahibabad industrial area of Ghaziabad, accredited by NAAC with an A+ grade.","IPEC was established in 2000. It is approved by AICTE and affiliated to Dr. A.P.J. Abdul Kalam Technical University, with some programmes under CCS University. It holds a NAAC A+ grade.",2000,"63 Site IV, Sahibabad Industrial Area, Surya Nagar Flyover Road, Sahibabad, Ghaziabad, Uttar Pradesh 201010",Ghaziabad,201010,,,,"Dr. A.P.J. Abdul Kalam Technical University, Lucknow",AICTE,A+,,,,https://www.ipec.org.in/,,engineering,jee-main
jms-group-of-institutions,Jms Group of Institutions,Uttar Pradesh,Hapur,,JMSGI,JMS Group of Institutions is an engineering and management campus on the Hapur bypass road in Hapur district.,"The group's Hapur campus was established in 2010. It is affiliated to Dr. A.P.J. Abdul Kalam Technical University, CCS University Meerut and the state technical board, and is approved by AICTE. It offers engineering programmes in electronics, mechanical, electrical, computer science and civil engineering.",2010,"NH-9 (NH-24), Village Rampur, near Sona Petrol Pump, Hapur Bypass Road, Hapur, Uttar Pradesh 245101",Hapur,245101,,,,"Dr. A.P.J. Abdul Kalam Technical University, Lucknow",AICTE,,,,,https://www.jms.ac.in/,,engineering,jee-main
jms-institute-of-technology,Jms Institute of Technology,Uttar Pradesh,Ghaziabad,,JMSIT,"JMS Institute of Technology, formerly Bhagwati Institute of Technology and Science, is an AKTU-affiliated engineering college next to NH-9 on the outskirts of Ghaziabad.",JMSIT was founded in 2008 as Bhagwati Institute of Technology and Science. Its B.Tech and other technical programmes are approved by AICTE and affiliated to Dr. A.P.J. Abdul Kalam Technical University. The campus is beside NH-9 near Ghaziabad's industrial area.,2008,,Ghaziabad,,,,,"Dr. A.P.J. Abdul Kalam Technical University, Lucknow",AICTE,,,,,https://www.jmsit.ac.in/,,engineering,jee-main
krishna-institute-of-engineering-and-technology-kiet-ghaziabad,"Krishna Institute of Engineering & Technology (Kiet), Ghaziabad",Uttar Pradesh,Ghaziabad,DEEMED,KIET,"KIET, Ghaziabad is an engineering, management and pharmacy institution on the Ghaziabad-Meerut road that became a deemed-to-be university in November 2025.","KIET was established in 1998 with an initial intake of 180 students. It became autonomous in 2024 and was declared a deemed-to-be university under Section 3 of the UGC Act in November 2025. Its campus is on NH-58, the Ghaziabad-Meerut road.",1998,"Delhi-NCR, Ghaziabad-Meerut Road, Ghaziabad, Uttar Pradesh 201206",Ghaziabad,201206,,,,Deemed to be University,UGC,,,,,https://www.kiet.edu/,,engineering,
modinagar-institute-of-technology,Modinagar Institute of Technology,Uttar Pradesh,Modinagar,,,,,,,Ghaziabad,,,,,,,,,,,http://www.miteducation.org/,,engineering,
nitra-technical-campus,Nitra Technical Campus,Uttar Pradesh,Ghaziabad,,NTC,"NITRA Technical Campus is the degree-granting academic arm of the Northern India Textile Research Association, located in Raj Nagar, Ghaziabad.","The campus belongs to the Northern India Textile Research Association (NITRA). It is approved by AICTE and affiliated to Dr. A.P.J. Abdul Kalam Technical University under college code 802. It offers B.Tech programmes, with a focus on textile technology and computer science.",,"Sector-23, Raj Nagar, Ghaziabad, Uttar Pradesh 201002",Ghaziabad,201002,,,,"Dr. A.P.J. Abdul Kalam Technical University, Lucknow",AICTE,,,,,https://nitra.ac.in/,,engineering,jee-main
r-d-engineering-college,R D Engineering College,Uttar Pradesh,Ghaziabad,,RDEC,"R.D. Engineering College is an AKTU-affiliated engineering college on the Delhi-Meerut road at Duhai, Ghaziabad.",RDEC is located at the 9 km stone of NH-58 at Duhai. Its campus covers about 15 acres. It is affiliated to Dr. A.P.J. Abdul Kalam Technical University.,,"9th KM Stone, NH-58, Delhi-Meerut Road, Duhai, Ghaziabad, Uttar Pradesh 201206",Ghaziabad,201206,,,,"Dr. A.P.J. Abdul Kalam Technical University, Lucknow",,,,,,https://rdec.ac.in/,,engineering,jee-main
r-d-engineering-college-and-research-centre,R D Engineering College & Research Centre,Uttar Pradesh,Ghaziabad,,RDEC,"R.D. Engineering College is an AKTU-affiliated engineering college on the Delhi-Meerut road at Duhai, Ghaziabad.",RDEC is located at the 9 km stone of NH-58 at Duhai. Its campus covers about 15 acres. It is affiliated to Dr. A.P.J. Abdul Kalam Technical University.,,"9th KM Stone, NH-58, Delhi-Meerut Road, Duhai, Ghaziabad, Uttar Pradesh 201206",Ghaziabad,201206,,,,"Dr. A.P.J. Abdul Kalam Technical University, Lucknow",,,,,,https://rdec.ac.in/,,engineering,jee-main
raj-kumar-goel-institue-of-technology,Raj Kumar Goel Institue of Technology,Uttar Pradesh,Ghaziabad,,RKGIT,"Raj Kumar Goel Institute of Technology is an AKTU-affiliated engineering college on the Delhi-Meerut road in Ghaziabad, with a NAAC A grade.","RKGIT was established in 2000 with AICTE approval and affiliation to Dr. A.P.J. Abdul Kalam Technical University. It is run by the Raj Kumar Goel Educational Foundation, registered in 1999. It holds a NAAC A grade.",2000,"5th KM Stone, Delhi-Meerut Road, Near Raj Nagar Extension Road, Ghaziabad, Uttar Pradesh 201003",Ghaziabad,201003,,,,"Dr. A.P.J. Abdul Kalam Technical University, Lucknow",AICTE,A,,,,https://rkgit.edu.in/,,engineering,jee-main
raj-kumar-goel-institute-of-technology-and-management,Raj Kumar Goel Institute of Technology & Management,Uttar Pradesh,Ghaziabad,,RKGITM,"Raj Kumar Goel Institute of Technology and Management is an AKTU-affiliated engineering college in Ghaziabad, originally set up as a women's institute.",RKGITM was established in 2008 as Raj Kumar Goel Institute of Technology for Women and later became co-educational. It is affiliated to Dr. A.P.J. Abdul Kalam Technical University under college code 333. It is located in Ghaziabad.,2008,,Ghaziabad,,,,,"Dr. A.P.J. Abdul Kalam Technical University, Lucknow",,,,,,https://www.rkgitm.ac.in/,,engineering,jee-main
sanskar-college-of-engineering-and-technology,Sanskar College of Engineering and Technology,Uttar Pradesh,Ghaziabad,,SCET,Sanskar College of Engineering and Technology is the engineering college of the Sanskar Educational Group on a 20 acre campus in Ghaziabad.,"SCET was established in 2005. It offers a four-year B.Tech with an annual intake of 240, affiliated to Dr. A.P.J. Abdul Kalam Technical University and approved by AICTE. The Sanskar group's campus hosts more than 2,500 students.",2005,,Ghaziabad,,,,,"Dr. A.P.J. Abdul Kalam Technical University, Lucknow",AICTE,,,,,https://sanskareducationalgroup.ac.in/,,engineering,jee-main
srm-institute-of-management-and-technology,Srm Institute of Management and Technology,Uttar Pradesh,Modinagar,,,"This is the Delhi-NCR campus of SRM Institute of Science and Technology on the Delhi-Meerut road at Modinagar, formerly SRM Institute of Management and Technology.","The Delhi-NCR campus at Modinagar was established in 1997. It has more than 5,000 students in engineering, management and hotel management. It is located on the Delhi-Meerut road.",1997,"Delhi-NCR Campus, Delhi-Meerut Road, Modinagar, Ghaziabad, Uttar Pradesh 201204",Ghaziabad,201204,,,,,,,,,,https://www.srmup.in/,,engineering,
sunder-deep-group-of-institutions,Sunder Deep Group of Institutions,Uttar Pradesh,Ghaziabad,,,"Sunder Deep Group of Institutions is a 40 acre campus at Dasna, Ghaziabad, whose engineering college is affiliated to AKTU.","The campus is on NH-9 at Dasna. It offers engineering, management, pharmacy, architecture, law and hotel management. Its engineering college is affiliated to Dr. A.P.J. Abdul Kalam Technical University.",,"NH-9, Delhi-Meerut Expressway, Dasna, Ghaziabad, Uttar Pradesh",Ghaziabad,,,,,"Dr. A.P.J. Abdul Kalam Technical University, Lucknow",,,,,,https://www.sunderdeep.ac.in/,,engineering,jee-main
maa-pateshwari-devi-rajkiya-engineering-college-gonda,Maa Pateshwari Devi Rajkiya Engineering College Gonda,Uttar Pradesh,Gonda,GOVERNMENT,,"Maa Pateshwari Devi Rajkiya Engineering College is a Government of Uttar Pradesh engineering college on Utraula Road in Gonda, associated with AKTU.","The college was established by the Government of Uttar Pradesh in 2023 as an associated institute of Dr. A.P.J. Abdul Kalam Technical University. It is approved by AICTE. It offers B.Tech in computer science, information technology, electronics and electrical engineering with 60 seats each.",2023,"Utraula Road, Gonda, Uttar Pradesh 271002",Gonda,271002,,,PUBLIC,"Dr. A.P.J. Abdul Kalam Technical University, Lucknow",AICTE,,,,,https://recgonda.ac.in/,,engineering,jee-main
buddha-institute-of-technology,Buddha Institute of Technology,Uttar Pradesh,Gorakhpur,,BIT,Buddha Institute of Technology is an AKTU-affiliated engineering college in the GIDA industrial area of Gorakhpur.,"BIT was started in 2009 by the People Educational Society. It is approved by AICTE and affiliated to Dr. A.P.J. Abdul Kalam Technical University under college code 525. The campus is in Sector 7 of GIDA, Gorakhpur.",2009,"CL-1, Sector 7, GIDA, Gorakhpur, Uttar Pradesh 273209",Gorakhpur,273209,,,,"Dr. A.P.J. Abdul Kalam Technical University, Lucknow",AICTE,,,,,https://bit.ac.in/,,engineering,jee-main
institute-of-technology-and-management-3,Institute of Technology and Management,Uttar Pradesh,Gorakhpur,,ITM,"Institute of Technology and Management, GIDA is an AKTU-affiliated engineering college on the Gorakhpur-Lucknow highway, about 12 km from Gorakhpur.","ITM was established in July 2001 under the Shree Krishna Educational Society. It began with B.Tech in ECE, CSE, IT and mechanical engineering plus MCA, and later added pharmacy, MBA and civil engineering. Its undergraduate engineering programmes are affiliated to Dr. A.P.J. Abdul Kalam Technical University.",2001,"AL-1, Sector-7, GIDA, Gorakhpur, Uttar Pradesh 273209",Gorakhpur,273209,,,,"Dr. A.P.J. Abdul Kalam Technical University, Lucknow",,,,,,https://itmgkp.edu.in/,,engineering,jee-main
kipm-college-of-engineering-and-technology,Kipm-College of Engineering & Technology,Uttar Pradesh,Gorakhpur,,,"KIPM College of Engineering and Technology is an AKTU-affiliated engineering college in Sector 9 of GIDA, Gorakhpur.","The college was established in 2012. It is approved by AICTE and affiliated to Dr. A.P.J. Abdul Kalam Technical University. Its computer science, electronics and communication, and mechanical engineering programmes are NBA accredited.",2012,"KIPM Technical Campus, BL-1 and 2, Sector-9, GIDA, Gorakhpur, Uttar Pradesh 273209",Gorakhpur,273209,,,,"Dr. A.P.J. Abdul Kalam Technical University, Lucknow","AICTE, NBA",,,,,https://www.kipm.edu.in/,,engineering,jee-main
madan-mohan-malaviya-university-of-technology,Madan Mohan Malaviya University of Technology,Uttar Pradesh,Gorakhpur,STATE,MMMUT,"Madan Mohan Malaviya University of Technology is a non-affiliating state technical university on Deoria Road, Gorakhpur, accredited by NAAC with an A grade.","The university was created by the Government of Uttar Pradesh in 2013 by reconstituting Madan Mohan Malaviya Engineering College, which dated from 1962. It is a non-affiliating technical university. It holds a NAAC A grade.",2013,"Deoria Road, Gorakhpur, Uttar Pradesh 273010",Gorakhpur,273010,,,PUBLIC,,,A,,,,https://www.mmmut.ac.in/,,engineering,
maharana-pratap-institute-of-technology,Maharana Pratap Institute of Technology,Uttar Pradesh,Gorakhpur,,MPIT,"Maharana Pratap Institute of Technology is a private AKTU-affiliated engineering college on Gorakhnath Road, Gorakhpur, run under the Maharana Pratap Shiksha Parishad.","MPIT was established in 2024. It is one of 57 institutions under the Maharana Pratap Shiksha Parishad. It is approved by AICTE and affiliated to Dr. A.P.J. Abdul Kalam Technical University, and offers B.Tech in computer science and its specialisations, IT and electronics (VLSI).",2024,"Gorakhnath Road, Gorakhpur, Uttar Pradesh 273015",Gorakhpur,273015,,,PRIVATE,"Dr. A.P.J. Abdul Kalam Technical University, Lucknow",AICTE,,,,,https://www.mpit.ac.in/,,engineering,jee-main
national-institute-of-electronics-and-information-technology-gorakhpur-centre,"National Institute of Electronics and Information Technology, Gorakhpur Centre",Uttar Pradesh,Gorakhpur,,NIELIT Gorakhpur,"NIELIT Gorakhpur is a centre of the National Institute of Electronics and Information Technology on Deoria Road, Gorakhpur, offering electronics and IT programmes.","The centre was set up in June 1989 as the Centre for Electronics Design and Technology of India and was later part of the DOEACC Society. It runs M.Tech programmes affiliated to Dr. A.P.J. Abdul Kalam Technical University, along with courses in embedded systems, VLSI, information security and networking.",1989,"Deoria Road, Gorakhpur, Uttar Pradesh 273010",Gorakhpur,273010,,,,"Dr. A.P.J. Abdul Kalam Technical University, Lucknow",,,,,,https://www.nielit.gov.in/gorakhpur/,,engineering,
suyash-institute-of-information-technology,Suyash Institute of Information Technology,Uttar Pradesh,Gorakhpur,,SIIT,"Suyash Institute of Information Technology is an AKTU-affiliated college at Hakkabad in Gorakhpur offering engineering, pharmacy and allied programmes.","SIIT was established in 2009. It is approved by AICTE and affiliated to Dr. A.P.J. Abdul Kalam Technical University. It offers B.Tech in six branches along with M.Tech, polytechnic, pharmacy, BBA, BCA and nursing courses.",2009,"Hakkabad, Azad Chowk to Mirzapur Road, Gorakhpur, Uttar Pradesh 273016",Gorakhpur,273016,,,,"Dr. A.P.J. Abdul Kalam Technical University, Lucknow",AICTE,,,,,https://siitgkp.edu.in/,,engineering,jee-main
academy-of-technology-management-and-science,Academy of Technology Management and Science,Uttar Pradesh,Hapur,,ATMS,"Academy of Technology Management and Science is a college on the Hapur bypass offering B.Tech, pharmacy, management and education programmes.","ATMS is located at the 49 km milestone of NH-24 near Nizampur Tiraha, Hapur. It holds AICTE approval and offers B.Tech in computer science, AI and ML, and electrical engineering. It also runs pharmacy, BCA, BBA, B.Ed and polytechnic courses.",,"49 Km Milestone, NH-24, Nizampur Tiraha, Hapur By Pass, Achheja, Hapur, Uttar Pradesh 245101",Hapur,245101,,,,"Dr. A.P.J. Abdul Kalam Technical University, Lucknow",AICTE,,,,,https://atms.ac.in/,,engineering,jee-main
maya-institute-of-pharmacy,Maya Institute of Pharmacy,Uttar Pradesh,Hathras,,,"Maya Institute of Pharmacy is a pharmacy college of the Maya Group of Institutions on Mendu Road, Hathras.","The Maya Group was founded in 2012. Its B.Pharm is approved by AICTE and PCI and affiliated to Dr. A.P.J. Abdul Kalam Technical University, and its D.Pharm is under the state technical board. The group also offers MBA, B.Ed and D.El.Ed.",2012,"Mendu Road, Sokhna, Hathras, Uttar Pradesh 204101",Hathras,204101,,,,"Dr. A.P.J. Abdul Kalam Technical University, Lucknow","AICTE, PCI",,,,,https://mayainstitutes.com/maya-institute-of-pharmacy/,,pharmacy,
prasad-institute-of-technology,Prasad Institute of Technology,Uttar Pradesh,Jaunpur,,,,,,,Jaunpur,,,,,,,,,,,https://pgi.edu.in/prasad-institute-of-technology-jaunpur/,,engineering,
veer-bahadur-singh-purvanchal-university,Veer Bahadur Singh Purvanchal University,Uttar Pradesh,Jaunpur,STATE,VBSPU,"Veer Bahadur Singh Purvanchal University is a state university in Jaunpur, accredited by NAAC with an A+ grade, whose engineering institute began in 1997.",The university was established on 2 October 1987 and is a state university of the Government of Uttar Pradesh. Its Uma Nath Singh Institute of Engineering and Technology started in 1997 with three departments. It holds a NAAC A+ grade.,1987,,Jaunpur,,,,PUBLIC,,,A+,,,,https://www.vbspu.ac.in/,,engineering,
bundelkhand-institute-of-engineering-and-technology-jhansi,Bundelkhand Institute of Engineering & Technology Jhansi,Uttar Pradesh,Jhansi,AUTONOMOUS,BIET,"Bundelkhand Institute of Engineering and Technology is an autonomous engineering institute on Kanpur Road, Jhansi, affiliated to AKTU.","The foundation stone was laid in 1986, and the institute began operating in 1988 as Bundelkhand Engineering College. It has been autonomous since 2011-12 under UGC. It is affiliated to Dr. A.P.J. Abdul Kalam Technical University for its B.Tech, M.Tech and MBA degrees.",1988,"Kanpur Road, Jhansi, Uttar Pradesh 284128",Jhansi,284128,,,,"Dr. A.P.J. Abdul Kalam Technical University, Lucknow",,,,,,https://bietjhs.ac.in/,,engineering,jee-main
institute-of-engineering-and-technology-3,Institute of Engineering & Technology,Uttar Pradesh,,,,,,,,Jhansi,,,,,,,,,,,,,,
modern-college,Modern College,Uttar Pradesh,,,,,,,,Jhansi,,,,,,,,,,,,,,
sr-group-of-institutions,Sr Group of Institutions,Uttar Pradesh,,,,,,,,Jhansi,,,,,,,,,,,,,,
amani-group-of-institutions,Amani Group of Institutions,Uttar Pradesh,,,,,,,,Jyotiba Phule Nagar,,,,,,,,,,,,,,
d-n-s-college-of-engineering-and-technology,D.N.S. College of Engineering & Technology,Uttar Pradesh,,,,,,,,Jyotiba Phule Nagar,,,,,,,,,,,,,,
landmark-technical-campus,Landmark Technical Campus,Uttar Pradesh,,,,,,,,Jyotiba Phule Nagar,,,,,,,,,,,,,,
maharaja-agrasen-college-of-engg-and-technology,Maharaja Agrasen College of Engg. & Technology,Uttar Pradesh,,,,,,,,Jyotiba Phule Nagar,,,,,,,,,,,,,,
rajkiya-engineering-college-kannauj,Rajkiya Engineering College Kannauj,Uttar Pradesh,,,,,,,,Kannauj,,,,,,,,,,,,,,
allenhouse-institute-of-technology,Allenhouse Institute of Technology,Uttar Pradesh,,,,,,,,Kanpur Nagar,,,,,,,,,,,,,,
apollo-institute-of-technology,Apollo Institute of Technology,Uttar Pradesh,,,,,,,,Kanpur Nagar,,,,,,,,,,,,,,
axis-institute-of-technology-and-management,Axis Institute of Technology and Management,Uttar Pradesh,,,,,,,,Kanpur Nagar,,,,,,,,,,,,,,
chhatrapati-shahu-ji-maharaj-university,Chhatrapati Shahu Ji Maharaj University,Uttar Pradesh,,,,,,,,Kanpur Nagar,,,,,,,,,,,,,,
dr-ambedkar-institute-of-technology-for-divyangjan-u-p-kanpur,"Dr. Ambedkar Institute of Technology for Divyangjan, U.P. Kanpur",Uttar Pradesh,,,,,,,,Kanpur Nagar,,,,,,,,,,,,,,
faculty-of-engineering-and-technology-3,Faculty of Engineering and Technology,Uttar Pradesh,,,,,,,,Kanpur Nagar,,,,,,,,,,,,,,
harcourt-butler-technical-university-kanpur,"Harcourt Butler Technical University, Kanpur",Uttar Pradesh,,,,,,,,Kanpur Nagar,,,,,,,,,,,,,,
indian-institute-of-technology-kanpur,Indian Institute of Technology Kanpur,Uttar Pradesh,,,,,,,,Kanpur Nagar,,,,,,,,,,,,,,
kanpur-institute-of-technology,Kanpur Institute of Technology,Uttar Pradesh,,,,,,,,Kanpur Nagar,,,,,,,,,,,,,,
krishna-institute-of-technology-351,Krishna Institute of Technology 351,Uttar Pradesh,,,,,,,,Kanpur Nagar,,,,,,,,,,,,,,
maharana-institute-of-professional-studies,Maharana Institute of Professional Studies,Uttar Pradesh,,,,,,,,Kanpur Nagar,,,,,,,,,,,,,,
maharana-pratap-engineering-college,Maharana Pratap Engineering College,Uttar Pradesh,,,,,,,,Kanpur Nagar,,,,,,,,,,,,,,
naraina-college-of-engineerring-and-technology,Naraina College of Engineerring & Technology,Uttar Pradesh,,,,,,,,Kanpur Nagar,,,,,,,,,,,,,,
national-sugar-institute,National Sugar Institute,Uttar Pradesh,,,,,,,,Kanpur Nagar,,,,,,,,,,,,,,
psit-pranveer-singh-institute-of-technology,Psit-Pranveer Singh Institute of Technology,Uttar Pradesh,,,,,,,,Kanpur Nagar,,,,,,,,,,,,,,
uttar-pradesh-textile-technology-institute-kanpur,Uttar Pradesh Textile Technology Institute Kanpur,Uttar Pradesh,,,,,,,,Kanpur Nagar,,,,,,,,,,,,,,
vision-institute-of-technology,Vision Institute of Technology,Uttar Pradesh,,,,,,,,Kanpur Nagar,,,,,,,,,,,,,,
dr-rizvi-college-of-engineering,Dr. Rizvi College of Engineering,Uttar Pradesh,,,,,,,,Kaushambi,,,,,,,,,,,,,,
madhu-vachaspati-institute-of-engieneering-and-technology,Madhu Vachaspati Institute of Engieneering & Technology,Uttar Pradesh,,,,,,,,Kaushambi,,,,,,,,,,,,,,
ambalika-institute-of-management-and-technology,Ambalika Institute of Management and Technology,Uttar Pradesh,,,,,,,,Lucknow,,,,,,,,,,,,,,
azad-institute-of-engineering-and-technology,Azad Institute of Engineering & Technology,Uttar Pradesh,,,,,,,,Lucknow,,,,,,,,,,,,,,
babu-banarasi-das-northern-india-institute-of-technology,Babu Banarasi Das Northern India Institute of Technology,Uttar Pradesh,,,,,,,,Lucknow,,,,,,,,,,,,,,
babu-banrasi-das-institute-of-technology-and-management-engg-and-tech,Babu Banrasi Das Institute of Technology and Management(Engg. and Tech.),Uttar Pradesh,,,,,,,,Lucknow,,,,,,,,,,,,,,
babu-sunder-singh-institute-of-technology-and-management,Babu Sunder Singh Institute of Technology& Management,Uttar Pradesh,,,,,,,,Lucknow,,,,,,,,,,,,,,
bansal-institute-of-engineering-and-tecnology,Bansal Institute of Engineering and Tecnology,Uttar Pradesh,,,,,,,,Lucknow,,,,,,,,,,,,,,
central-institute-of-petrochemicals-engineering-and-technology-3,Central Institute of Petrochemicals Engineering & Technology,Uttar Pradesh,,,,,,,,Lucknow,,,,,,,,,,,,,,
centre-for-advanced-studies,Centre for Advanced Studies,Uttar Pradesh,,,,,,,,Lucknow,,,,,,,,,,,,,,
dr-m-c-saxena-college-of-engineering-and-technology,Dr. M.C. Saxena College of Engineering & Technology,Uttar Pradesh,,,,,,,,Lucknow,,,,,,,,,,,,,,
faculty-of-engineering-and-technology-university-of-lucknow,Faculty of Engineering and Technology University of Lucknow,Uttar Pradesh,,,,,,,,Lucknow,,,,,,,,,,,,,,
gcrg-memorial-trust-s-group-of-institutions,Gcrg Memorial Trust's Group of Institutions,Uttar Pradesh,,,,,,,,Lucknow,,,,,,,,,,,,,,
goel-institute-of-technology-and-management,Goel Institute of Technology & Management,Uttar Pradesh,,,,,,,,Lucknow,,,,,,,,,,,,,,
himalyan-institute-of-technology-and-management,Himalyan Institute of Technology and Management,Uttar Pradesh,,,,,,,,Lucknow,,,,,,,,,,,,,,
indian-institute-of-information-technology-lucknow,Indian Institute of Information Technology Lucknow,Uttar Pradesh,,,,,,,,Lucknow,,,,,,,,,,,,,,
institute-of-engineering-and-technology-4,Institute of Engineering and Technology,Uttar Pradesh,,,,,,,,Lucknow,,,,,,,,,,,,,,
institute-of-technology-and-management-lucknow,"Institute of Technology &Management,Lucknow",Uttar Pradesh,,,,,,,,Lucknow,,,,,,,,,,,,,,
isabella-thoburn-college-professional-studies,Isabella Thoburn College (Professional Studies),Uttar Pradesh,,,,,,,,Lucknow,,,,,,,,,,,,,,
j-p-institute-of-technology,J.P. Institute of Technology,Uttar Pradesh,,,,,,,,Lucknow,,,,,,,,,,,,,,
khwaja-moinuddin-chishti-urdu-arabi-farsi-university,Khwaja Moinuddin Chishti Urdu Arabi Farsi University,Uttar Pradesh,,,,,,,,Lucknow,,,,,,,,,,,,,,
lucknow-institute-of-technology-lucknow,"Lucknow Institute of Technology, Lucknow",Uttar Pradesh,,,,,,,,Lucknow,,,,,,,,,,,,,,
lucknow-public-college-of-professional-stidies,Lucknow Public College of Professional Stidies,Uttar Pradesh,,,,,,,,Lucknow,,,,,,,,,,,,,,
m-g-institute-of-management-and-technology,M.G. Institute of Management & Technology,Uttar Pradesh,,,,,,,,Lucknow,,,,,,,,,,,,,,
maharana-institute-of-technology-and-sciences,Maharana Institute of Technology & Sciences,Uttar Pradesh,,,,,,,,Lucknow,,,,,,,,,,,,,,
maharishi-university-of-information-technology,Maharishi University of Information Technology,Uttar Pradesh,,,,,,,,Lucknow,,,,,,,,,,,,,,
r-r-institute-of-modern-technology,R. R. Institute of Modern Technology,Uttar Pradesh,,,,,,,,Lucknow,,,,,,,,,,,,,,
rameshwaram-institute-of-technology-and-management,Rameshwaram Institute of Technology & Management,Uttar Pradesh,,,,,,,,Lucknow,,,,,,,,,,,,,,
saroj-institute-of-management-and-technology,Saroj Institute of Management and Technology,Uttar Pradesh,,,,,,,,Lucknow,,,,,,,,,,,,,,
saroj-institute-of-technology-and-management-lucknow,"Saroj Institute of Technology & Management, Lucknow",Uttar Pradesh,,,,,,,,Lucknow,,,,,,,,,,,,,,
school-of-management-sciences,School of Management Sciences,Uttar Pradesh,,,,,,,,Lucknow,,,,,,,,,,,,,,
shri-ramswaroop-memorial-college-of-engineering-and-management,Shri Ramswaroop Memorial College of Engineering and Management,Uttar Pradesh,,,,,,,,Lucknow,,,,,,,,,,,,,,
sr-institute-of-management-and-technology,Sr Institute of Management& Technology,Uttar Pradesh,,,,,,,,Lucknow,,,,,,,,,,,,,,
uttar-pradesh-state-institute-of-forensic-sciences-lucknow,Uttar Pradesh State Institute of Forensic Sciences Lucknow,Uttar Pradesh,,,,,,,,Lucknow,,,,,,,,,,,,,,
institute-of-technology-and-management-2,Institute of Technology and Management,Uttar Pradesh,,,,,,,,Maharajganj,,,,,,,,,,,,,,
lokmata-devi-ahilya-bai-holkar-rajkiya-engineering-college-mainpuri,"Lokmata Devi Ahilya Bai Holkar, Rajkiya Engineering College, Mainpuri",Uttar Pradesh,,,,,,,,Mainpuri,,,,,,,,,,,,,,
bsa-college-of-engineering-and-technology,Bsa College of Engineering & Technology,Uttar Pradesh,,,,,,,,Mathura,,,,,,,,,,,,,,
eshan-college-of-engineering,Eshan College of Engineering,Uttar Pradesh,,,,,,,,Mathura,,,,,,,,,,,,,,
g-l-bajaj-group-of-institutions,G L Bajaj Group of Institutions,Uttar Pradesh,,,,,,,,Mathura,,,,,,,,,,,,,,
hardayal-technical-campus,Hardayal Technical Campus,Uttar Pradesh,,,,,,,,Mathura,,,,,,,,,,,,,,
hindustan-college-of-science-and-technology,Hindustan College of Science & Technology,Uttar Pradesh,,,,,,,,Mathura,,,,,,,,,,,,,,
rishi-ramnaresh-technical-institute,Rishi Ramnaresh Technical Institute,Uttar Pradesh,,,,,,,,Mau,,,,,,,,,,,,,,
abss-institute-of-technology,Abss Institute of Technology,Uttar Pradesh,,,,,,,,Meerut,,,,,,,,,,,,,,
bharat-institute-of-technology-school-of-engineering,Bharat Institute of Technology (School of Engineering),Uttar Pradesh,,,,,,,,Meerut,,,,,,,,,,,,,,
college-of-engg-and-rural-technology-meerut,"College of Engg. & Rural Technology,Meerut",Uttar Pradesh,,,,,,,,Meerut,,,,,,,,,,,,,,
delhi-institute-of-engineering-and-technology,Delhi Institute of Engineering & Technology,Uttar Pradesh,,,,,,,,Meerut,,,,,,,,,,,,,,
dewan-v-s-institute-of-engineering-and-technology,Dewan V.S. Institute of Engineering & Technology,Uttar Pradesh,,,,,,,,Meerut,,,,,,,,,,,,,,
fit-engineering-college,Fit Engineering College,Uttar Pradesh,,,,,,,,Meerut,,,,,,,,,,,,,,
iimt-engineering-college,Iimt Engineering College,Uttar Pradesh,,,,,,,,Meerut,,,,,,,,,,,,,,
jp-institute-of-engineering-and-technilogy,Jp Institute of Engineering & Technilogy,Uttar Pradesh,,,,,,,,Meerut,,,,,,,,,,,,,,
meerut-institute-of-engineering-and-technology,Meerut Institute of Engineering & Technology,Uttar Pradesh,,,,,,,,Meerut,,,,,,,,,,,,,,
meerut-institute-of-technology,Meerut Institute of Technology,Uttar Pradesh,,,,,,,,Meerut,,,,,,,,,,,,,,
meerut-international-institute-of-technology,Meerut International Institute of Technology,Uttar Pradesh,,,,,,,,Meerut,,,,,,,,,,,,,,
neelkanth-institute-of-technology,Neelkanth Institute of Technology,Uttar Pradesh,,,,,,,,Meerut,,,,,,,,,,,,,,
panchwati-institute-of-engineering-and-technology,Panchwati Institute of Engineering & Technology,Uttar Pradesh,,,,,,,,Meerut,,,,,,,,,,,,,,
rishi-institute-of-enginnering-and-technology,Rishi Institute of Enginnering and Technology,Uttar Pradesh,,,,,,,,Meerut,,,,,,,,,,,,,,
shanti-institute-of-technology-b-tech-cs-it-ec-me-ce-ee-and-mba,"Shanti Institute of Technology (B.Tech,Cs, It, Ec, Me, Ce, Ee) & Mba",Uttar Pradesh,,,,,,,,Meerut,,,,,,,,,,,,,,
shanti-niketan-group-of-institutions,Shanti Niketan Group of Institutions,Uttar Pradesh,,,,,,,,Meerut,,,,,,,,,,,,,,
shobhit-institute-of-engineering-and-technology,Shobhit Institute of Engineering and Technology,Uttar Pradesh,,,,,,,,Meerut,,,,,,,,,,,,,,
shrinathji-institute-for-technical-education,Shrinathji Institute for Technical Education,Uttar Pradesh,,,,,,,,Meerut,,,,,,,,,,,,,,
sir-chhotu-ram-institute-of-engineering-and-technology-ccs-university-meerut,Sir Chhotu Ram Institute of Engineering & Technology Ccs University Meerut,Uttar Pradesh,,,,,,,,Meerut,,,,,,,,,,,,,,
subharti-institute-of-technology-and-engineering,Subharti Institute of Technology and Engineering,Uttar Pradesh,,,,,,,,Meerut,,,,,,,,,,,,,,
svs-group-of-institions,Svs Group of Institions,Uttar Pradesh,,,,,,,,Meerut,,,,,,,,,,,,,,
samrat-ashok-rajkiya-engineering-college-mirzapur,Samrat Ashok Rajkiya Engineering College Mirzapur,Uttar Pradesh,,,,,,,,Mirzapur,,,,,,,,,,,,,,
kothiwal-institute-of-technology-and-professional-studies,Kothiwal Institute of Technology & Professional Studies,Uttar Pradesh,,,,,,,,Moradabad,,,,,,,,,,,,,,
moradabad-institute-of-technology,Moradabad Institute of Technology,Uttar Pradesh,,,,,,,,Moradabad,,,,,,,,,,,,,,
teerthanker-mahaveer-university-college-of-engineering,Teerthanker Mahaveer University College of Engineering,Uttar Pradesh,,,,,,,,Moradabad,,,,,,,,,,,,,,
bhagwant-institute-of-technology-2,Bhagwant Institute of Technology,Uttar Pradesh,,,,,,,,Muzaffarnagar,,,,,,,,,,,,,,
s-d-college-of-engg-and-tech,S.D.College of Engg.& Tech.,Uttar Pradesh,,,,,,,,Muzaffarnagar,,,,,,,,,,,,,,
shri-ram-group-of-colleges,Shri Ram Group of Colleges,Uttar Pradesh,,,,,,,,Muzaffarnagar,,,,,,,,,,,,,,
bharat-ratna-babasaheb-bhimrao-ambedkar-rajkiya-engineering-college-pratapgarh,Bharat Ratna Babasaheb Bhimrao Ambedkar Rajkiya Engineering College Pratapgarh,Uttar Pradesh,,,,,,,,Pratapgarh,,,,,,,,,,,,,,
b-b-s-college-of-engineering-and-technology,B.B.S. College of Engineering & Technology,Uttar Pradesh,,,,,,,,Prayagraj (Allahabad),,,,,,,,,,,,,,
hmfa-memorial-institute-of-engg-and-tech,Hmfa Memorial Institute of Engg & Tech.,Uttar Pradesh,,,,,,,,Prayagraj (Allahabad),,,,,,,,,,,,,,
indian-institute-of-information-technology-allahabad,Indian Institute of Information Technology Allahabad,Uttar Pradesh,,,,,,,,Prayagraj (Allahabad),,,,,,,,,,,,,,
institute-of-engineering-and-rural-technology,Institute of Engineering and Rural Technology,Uttar Pradesh,,,,,,,,Prayagraj (Allahabad),,,,,,,,,,,,,,
ldc-institute-of-tecnical-studies,Ldc Institute of Tecnical Studies,Uttar Pradesh,,,,,,,,Prayagraj (Allahabad),,,,,,,,,,,,,,
motilal-nehru-national-institute-of-technology-allahabad,Motilal Nehru National Institute of Technology Allahabad,Uttar Pradesh,,,,,,,,Prayagraj (Allahabad),,,,,,,,,,,,,,
prayag-institute-of-technology-and-management,Prayag Institute of Technology and Management,Uttar Pradesh,,,,,,,,Prayagraj (Allahabad),,,,,,,,,,,,,,
shambhunath-institute-of-engineering-and-technology,Shambhunath Institute of Engineering & Technology,Uttar Pradesh,,,,,,,,Prayagraj (Allahabad),,,,,,,,,,,,,,
united-college-of-engineering-and-research,United College of Engineering & Research,Uttar Pradesh,,,,,,,,Prayagraj (Allahabad),,,,,,,,,,,,,,
united-institute-of-technology,United Institute of Technology,Uttar Pradesh,,,,,,,,Prayagraj (Allahabad),,,,,,,,,,,,,,
feroze-gandhi-institute-of-engg-and-technology,Feroze Gandhi Institute of Engg. & Technology,Uttar Pradesh,,,,,,,,Rae Bareli,,,,,,,,,,,,,,
prabhat-engineering-college,Prabhat Engineering College,Uttar Pradesh,,,,,,,,Ramabainagarkanpurdehat,,,,,,,,,,,,,,
apex-institute-of-technology,Apex Institute of Technology,Uttar Pradesh,,,,,,,,Rampur,,,,,,,,,,,,,,
dev-bhoomi-group-of-institutions,Dev Bhoomi Group of Institutions,Uttar Pradesh,,,,,,,,Saharanpur,,,,,,,,,,,,,,
indraprastha-institute-of-management-and-technology,Indraprastha Institute of Management & Technology,Uttar Pradesh,,,,,,,,Saharanpur,,,,,,,,,,,,,,
nalanda-institute-of-technology-2,Nalanda Institute of Technology,Uttar Pradesh,,,,,,,,Saharanpur,,,,,,,,,,,,,,
indian-institute-of-carpet-technology,Indian Institute of Carpet Technology,Uttar Pradesh,,,,,,,,Sant Ravidas Nagar,,,,,,,,,,,,,,
sitapur-shiksha-sansthan-group-of-institutions,Sitapur Shiksha Sansthan Group of Institutions,Uttar Pradesh,,,,,,,,Sitapur,,,,,,,,,,,,,,
rajkiya-engineering-college-sonbhadra,Rajkiya Engineering College Sonbhadra,Uttar Pradesh,,,,,,,,Sonbhadra,,,,,,,,,,,,,,
kamla-nehru-institute-of-physical-and-social-sciences-faridipur-campus-sultanpur,"Kamla Nehru Institute of Physical& Social Sciences,Faridipur Campus Sultanpur",Uttar Pradesh,,,,,,,,Sultanpur,,,,,,,,,,,,,,
kamla-nehru-institute-of-technology-sultanpur,"Kamla Nehru Institute of Technology, Sultanpur",Uttar Pradesh,,,,,,,,Sultanpur,,,,,,,,,,,,,,
rajarshi-rananjay-sinh-institute-of-management-and-technology,Rajarshi Rananjay Sinh Institute of Management & Technology,Uttar Pradesh,,,,,,,,Sultanpur,,,,,,,,,,,,,,
shri-vishwanath-college-of-technology,Shri Vishwanath College of Technology,Uttar Pradesh,,,,,,,,Sultanpur,,,,,,,,,,,,,,
dr-virendra-swarup-memorial-trust-group-of-institution,Dr. Virendra Swarup Memorial Trust Group of Institution,Uttar Pradesh,,,,,,,,Unnao,,,,,,,,,,,,,,
institute-of-professional-studies-and-research-ipsr,Institute of Professional Studies& Research (Ipsr),Uttar Pradesh,,,,,,,,Unnao,,,,,,,,,,,,,,
sunrise-institute-of-engineering-technology-and-management,Sunrise Institute of Engineering Technology & Management,Uttar Pradesh,,,,,,,,Unnao,,,,,,,,,,,,,,
ashoka-institute-of-technology-and-management,Ashoka Institute of Technology and Management,Uttar Pradesh,,,,,,,,Varanasi,,,,,,,,,,,,,,
indian-institute-of-handloom-technology-varanasi,"Indian Institute of Handloom Technology, Varanasi",Uttar Pradesh,,,,,,,,Varanasi,,,,,,,,,,,,,,
indian-institute-of-technology-bhu-varanasi,Indian Institute of Technology (BHU) Varanasi,Uttar Pradesh,,,,,,,,Varanasi,,,,,,,,,,,,,,
kashi-institute-of-technology,Kashi Institute of Technology,Uttar Pradesh,,,,,,,,Varanasi,,,,,,,,,,,,,,
saraswati-higher-education-and-technical-college-of-engineering,Saraswati Higher Education and Technical College of Engineering,Uttar Pradesh,,,,,,,,Varanasi,,,,,,,,,,,,,,
